id,title,url,headline,instructor,rating,num_reviews,num_subscribers,num_lectures,content_length,level,is_paid,last_update,published_time,image,topic
2776760,100 Days of Code™: The Complete Python Pro Bootcamp,https://www.udemy.com/course/100-days-of-code/,"Master Python by building 100 projects in 100 days. Learn data science, automation, build websites, games and apps!","Dr. Angela Yu, Developer and Lead Instructor",4.6837215,415285,1749216,600,56.5 hours,All Levels,True,2026-02-28,2020-10-30T17:18:33Z,https://img-c.udemycdn.com/course/240x135/2776760_f176_10.jpg,python
567828,The Complete Python Bootcamp From Zero to Hero in Python,https://www.udemy.com/course/complete-python-bootcamp/,Learn Python like a Professional  Start from the basics and go all the way to creating your own applications and games,Jose Portilla,4.598396,557325,2135345,170,22.5 hours,All Levels,True,2025-08-07,2015-10-12T21:42:53Z,https://img-c.udemycdn.com/course/240x135/567828_67d0.jpg,python
543600,Automate the Boring Stuff with Python Programming,https://www.udemy.com/course/automate/,"A practical programming course for office workers, academics, and administrators who want to improve their productivity.",Al Sweigart,4.601973,118758,1160922,51,9.5 hours,All Levels,True,2023-02-01,2015-09-21T21:10:01Z,https://img-c.udemycdn.com/course/240x135/543600_64d1_4.jpg,python
903744,Python for Data Science and Machine Learning Bootcamp,https://www.udemy.com/course/python-for-data-science-and-machine-learning-bootcamp/,"Learn how to use NumPy, Pandas, Seaborn , Matplotlib , Plotly , Scikit-Learn , Machine Learning, Tensorflow , and more!",Jose Portilla,4.588887,157289,804727,165,25 hours,All Levels,True,2020-05-03,2016-09-18T17:36:23Z,https://img-c.udemycdn.com/course/240x135/903744_8eb2.jpg,python
6258083,Complete Python with AI Skills to Get Your Dream IT Job,https://www.udemy.com/course/complete-python-with-ai-skills-to-get-your-dream-it-job/,"Master Python for Data Science, AI, Machine Learning, Web Development, Game Development, Cybersecurity, and GUI!",Imran Afzal,4.5435877,720,4930,361,40.5 hours,All Levels,True,2026-02-07,2025-08-03T21:03:24Z,https://img-c.udemycdn.com/course/240x135/6258083_9a52_4.jpg,python
6761999,PYTHON: Python Programming (FROM ZERO TO YOUR FIRST JOB),https://www.udemy.com/course/python-python-programming-from-zero-to-your-first-job/,"PYTHON 4 IN 1: Basic, Intermediate, Advanced, Super Advanced (+first job). Start your career as a Python developer.",Marcelo PYTHON: Python Programming (FROM ZERO TO YOUR FIRST JOB),4.50299,157,446,92,9.5 hours,All Levels,True,2025-09-03,2025-08-28T09:00:42Z,https://img-c.udemycdn.com/course/240x135/6761999_5277_2.jpg,python
6629195,The Ultimate Python Bootcamp: Learn by Building 50 Projects,https://www.udemy.com/course/100-days-of-python/,Only Python course that you need,Hitesh Choudhary,4.5985136,2033,10883,153,30.5 hours,All Levels,True,2025-11-23,2025-06-26T15:15:26Z,https://img-c.udemycdn.com/course/240x135/6629195_fdfd_3.jpg,python
6790701,Python Data Structures and Algorithms: Complete Guide,https://www.udemy.com/course/python-data-structures-and-algorithms-complete-guide/,"Understand the algorithms, performance, and implementation of important data structures. Use advanced Python techniques.",Tim Buchalka,4.544675,102,2134,193,24.5 hours,Intermediate,True,2025-12-01,2025-10-23T15:05:35Z,https://img-c.udemycdn.com/course/240x135/6790701_1b99.jpg,python
4398404,Learn Python Programming - Beginner to Master,https://www.udemy.com/course/learn-python-with-abdul-bari/,Become a Python Expert. for Both Academics and Industry.  100+ Challenges,Abdul Bari,4.6267586,13243,58738,354,61.5 hours,All Levels,True,2026-01-30,2023-04-04T07:30:20Z,https://img-c.udemycdn.com/course/240x135/4398404_2f8f_2.jpg,python
629302,Learn Python Programming Masterclass,https://www.udemy.com/course/python-the-complete-python-developer-course/,This Python For Beginners Course Teaches You The Python Language  Fast.  Includes Python Online Training With Python 3,Tim Buchalka,4.6800966,105379,439296,487,61.5 hours,All Levels,True,2026-02-16,2015-11-06T18:04:11Z,https://img-c.udemycdn.com/course/240x135/629302_8a2d_2.jpg,python
692188,Python Mega Course: Build 20 Real-World Apps and AI Agents,https://www.udemy.com/course/the-python-mega-course/,Learn Python from Beginner to Pro. Build 20 Real-World Apps with Python Including AI Agents with LangChain.,"Ardit Sulce • 600,000+ Students Worldwide",4.6108656,72815,359141,433,50.5 hours,All Levels,True,2026-02-24,2016-06-08T17:12:30Z,https://img-c.udemycdn.com/course/240x135/692188_9da7_39.jpg,python
7054969,The Complete Python Bootcamp (13Hours): Go from Zero to Hero,https://www.udemy.com/course/the-complete-python-bootcamp-13hours-go-from-zero-to-hero/,"The Only Python Course with 200+ Visual Animations:  Learn Fast, Practice Hard & Build Real-World Projects",Baraa Khatib Salkini,4.8605695,52,458,169,13 hours,All Levels,True,2026-02-24,2026-02-23T08:50:16Z,https://img-c.udemycdn.com/course/240x135/7054969_57d0_2.jpg,python
6912949,Succeed in the Age of AI,https://www.udemy.com/course/the-age-of-ai/,"Learn Faster, Code Better, Achieve More","Dr. Angela Yu, Developer and Lead Instructor",4.616217,2070,13160,13,8.5 hours,All Levels,True,2025-12-02,2025-11-14T08:11:08Z,https://img-c.udemycdn.com/course/240x135/6912949_cc4c_2.jpg,python
1565838,The Complete Full-Stack Web Development Bootcamp,https://www.udemy.com/course/the-complete-web-development-bootcamp/,"Become a Full-Stack Web Developer with just ONE course. HTML, CSS, Javascript, Node, React, PostgreSQL, Web3 and DApps","Dr. Angela Yu, Developer and Lead Instructor",4.68054,465772,1538557,374,62 hours,All Levels,True,2025-11-24,2018-10-25T21:34:15Z,https://img-c.udemycdn.com/course/240x135/1565838_e54e_18.jpg,python
851712,The Complete JavaScript Course 2025: From Zero to Expert!,https://www.udemy.com/course/the-complete-javascript-course/,"The modern JavaScript course for everyone! Master JavaScript with projects, challenges and theory. Many courses in one!",Jonas Schmedtmann,4.699427,231364,1018696,332,71 hours,All Levels,True,2025-10-24,2016-10-14T22:52:23Z,https://img-c.udemycdn.com/course/240x135/851712_fc61_6.jpg,javascript
2508942,JavaScript - The Complete Guide (Beginner + Advanced),https://www.udemy.com/course/javascript-the-complete-guide-2020-beginner-advanced/,Modern JavaScript from the beginning - all the way up to JS expert level! THE must-have JavaScript resource in 2026.,Academind by Maximilian Schwarzmüller,4.537751,33104,177388,617,52.5 hours,All Levels,True,2026-01-16,2019-10-29T16:57:32Z,https://img-c.udemycdn.com/course/240x135/2508942_11d3_3.jpg,javascript
1743420,JavaScript Basics for Beginners,https://www.udemy.com/course/javascript-basics-for-beginners/,JavaScript - Master the Fundamentals in 6 Hours,Mosh Hamedani,4.6024175,46578,179665,104,6.5 hours,Beginner,True,2018-06-11,2018-06-12T17:43:57Z,https://img-c.udemycdn.com/course/240x135/1743420_0062.jpg,javascript
861624,ES6 Javascript: The Complete Developer's Guide,https://www.udemy.com/course/javascript-es6-tutorial/,ES6 Javascript Development from scratch.  Get practice with live examples and learn exactly where to apply ES6 features.,Stephen Grider,4.526625,15079,64428,69,6.5 hours,Beginner,True,2026-02-03,2016-07-12T15:29:32Z,https://img-c.udemycdn.com/course/240x135/861624_864d_2.jpg,javascript
6587049,Learn JavaScript in 2 Weeks (Complete JavaScript Bootcamp),https://www.udemy.com/course/javascript-course-coding2go/,Build Dynamic and Interactive Websites with JavaScript. Learn the Basics fast & start building projects today!,Fabian & Pavel Coding2GO,4.691963,159,712,157,8.5 hours,All Levels,True,2025-09-28,2025-06-06T20:53:16Z,https://img-c.udemycdn.com/course/240x135/6587049_c869.jpg,javascript
2634490,The Modern Javascript Bootcamp Course,https://www.udemy.com/course/javascript-beginners-complete-tutorial/,The most up-to-date JS resource online! Master Javascript by building a beautiful portfolio of projects!,Colt Steele,4.5072436,13146,73187,484,52 hours,All Levels,True,2026-02-03,2019-11-19T02:46:54Z,https://img-c.udemycdn.com/course/240x135/2634490_e343_3.jpg,javascript
1463348,Modern JavaScript From The Beginning 2.0 (Just Updated),https://www.udemy.com/course/modern-javascript-from-the-beginning/,A 40-hour master course to take you from beginner to advanced JavaScript,Brad Traversy,4.7262354,36125,127733,285,40 hours,All Levels,True,2025-10-13,2017-12-10T03:55:37Z,https://img-c.udemycdn.com/course/240x135/1463348_52a4_4.jpg,javascript
6981579,JavaScript Fundamentals for QA & Automation Testers,https://www.udemy.com/course/javascript-fundamentals-for-qa-automation-testers/,"Learn core JavaScript concepts every tester needs for automation tools like Playwright, Cypress & Selenium",Lucky Trainings,4.8059244,33,444,65,8 hours,Beginner,True,2026-02-04,2025-12-26T02:39:20Z,https://img-c.udemycdn.com/course/240x135/6981579_c2be_2.jpg,javascript
4649166,JavaScript Unit Testing - The Practical Guide,https://www.udemy.com/course/javascript-unit-testing-the-practical-guide/,Learn how to write automated tests (unit & integration tests) for your JavaScript projects with Vitest & Jest.,Academind by Maximilian Schwarzmüller,4.584567,5321,31955,93,5.5 hours,Beginner,True,2025-04-07,2022-05-03T15:32:41Z,https://img-c.udemycdn.com/course/240x135/4649166_678c_2.jpg,javascript
7023779,Javascript Programming Course Build 100 Projects in 100 Days,https://www.udemy.com/course/javascript-programming-course-build-100-projects-in-100-days/,Learn JavaScript from scratch by building real-world projects step by step in 100 days,Vijay Kumar,4.520546,21,3899,383,46.5 hours,Beginner,True,2026-01-24,2026-01-25T07:03:08Z,https://img-c.udemycdn.com/course/240x135/7023779_38cb_3.jpg,javascript
3671332,"50 Projects In 50 Days - HTML, CSS & JavaScript",https://www.udemy.com/course/50-projects-50-days/,"Sharpen your skills by building 50+ quick, unique and fun mini projects",Brad Traversy,4.475605,12796,91370,170,19.5 hours,Beginner,True,2025-07-23,2020-11-30T23:19:29Z,https://img-c.udemycdn.com/course/240x135/3671332_b86a_4.jpg,javascript
5138790,The Fastest Javascript Course: From ZERO to HERO in 6 Hours,https://www.udemy.com/course/javascript-flash-course-beginner-to-advanced/,"Complete Project-Based JavaScript with ES6+, JS Best Practices, HTTP Requests to APIs, JSON and more",Ivan Lourenço Gomes,4.5872583,2952,14240,52,6 hours,Beginner,True,2023-05-30,2023-02-09T22:37:31Z,https://img-c.udemycdn.com/course/240x135/5138790_945a_9.jpg,javascript
4471614,"The Ultimate React Course 2025: React, Next.js, Redux & More",https://www.udemy.com/course/the-ultimate-react-course/,"Master modern React from beginner to advanced! Next.js, Context API, React Query, Redux, Tailwind, advanced patterns",Jonas Schmedtmann,4.7134275,25542,158277,505,84 hours,All Levels,True,2025-05-21,2023-06-05T09:38:17Z,https://img-c.udemycdn.com/course/240x135/4471614_361e_8.jpg,javascript
533682,Java Masterclass 2025: 130+ Hours of Expert Lessons,https://www.udemy.com/course/java-the-complete-java-developer-course/,"Gain real-world experience with OOP, coding exercises, and problem-solving for job-ready Java development skills",Tim Buchalka,4.5828156,212403,944449,738,135.5 hours,All Levels,True,2025-12-21,2015-07-21T22:01:13Z,https://img-c.udemycdn.com/course/240x135/533682_c10c_4.jpg,java
24823,Java Tutorial for Complete Beginners,https://www.udemy.com/course/java-tutorial/,Learn to program using the Java programming language,John Purcell,4.44375,102979,1947631,73,16 hours,All Levels,True,2023-03-19,2012-09-30T20:11:57Z,https://img-c.udemycdn.com/course/240x135/24823_963e_14.jpg,java
6579137,Master Java Design Patterns,https://www.udemy.com/course/master-java-design-patterns/,Learn the Important Patterns Used by Professional Java Developers,Chad Darby,4.651413,51,659,135,11 hours,Intermediate,True,2026-03-05,2025-11-01T14:48:34Z,https://img-c.udemycdn.com/course/240x135/6579137_e43e.jpg,java
6688129,Java Virtual Threads & Structured Concurrency w/ Spring Boot,https://www.udemy.com/course/java-virtual-threads-structured-concurrency-with-spring-boot/,"Java 21 Virtual Threads & Structured Concurrency: Spring Boot Integration, JMeter Load Testing & Monitoring",Ayan Dutta,4.516747,87,783,24,5 hours,All Levels,True,2025-11-24,2025-09-01T16:15:26Z,https://img-c.udemycdn.com/course/240x135/6688129_bd51.jpg,java
1692036,Modern Java: Mastering Features from Java 8 to Java 25,https://www.udemy.com/course/modern-java-learn-java-8-features-by-coding-it/,"""Master Java 8 to Java 25: Functional Programming, Records, Sealed Classes, Pattern Matching, and more through hands-on.",Pragmatic Code School,4.4821386,14700,67644,147,16 hours,All Levels,True,2026-02-22,2018-07-25T21:40:37Z,https://img-c.udemycdn.com/course/240x135/1692036_419c_2.jpg,java
2462140,Learn JAVA Programming - Beginner to Master,https://www.udemy.com/course/java-se-programming/,Deep Dive in Core Java programming -Standard Edition. A Practical approach to learn Java. Become a Java Expert,Abdul Bari,4.5692153,30314,132161,333,61.5 hours,All Levels,True,2025-10-27,2020-08-05T22:25:10Z,https://img-c.udemycdn.com/course/240x135/2462140_b27f_2.jpg,java
1535678,Java Programming for Complete Beginners,https://www.udemy.com/course/java-programming-tutorial-for-beginners/,"Java Programming for Beginners. Learn Core Java, Java Object Oriented Programming and Spring Boot. Get Interview Ready!",in28Minutes Official,4.514941,53321,310439,731,60.5 hours,Beginner,True,2026-01-24,2018-03-05T21:15:04Z,https://img-c.udemycdn.com/course/240x135/1535678_0ce9_8.jpg,java
354176,Selenium WebDriver with Java -Basics to Advanced+Frameworks,https://www.udemy.com/course/selenium-real-time-examplesinterview-questions/,"""TOP RATED  #1 Master SELENIUM java 4 (Latest) course"" -5 Million students learning worldWide with great collaboration",Rahul Shetty Academy,4.6013255,138772,456361,336,56 hours,All Levels,True,2026-01-25,2014-11-25T04:23:50Z,https://img-c.udemycdn.com/course/240x135/354176_fe73_8.jpg,java
358540,Java In-Depth: Become a Complete Java Engineer! [2026],https://www.udemy.com/course/java-in-depth-become-a-complete-java-engineer/,"Java Programming Bootcamp with Spring Boot, Best Practices, Design Rules & Spring Boot Project — Updated for Java 25",Dheeru Mundluru,4.482375,24788,140922,450,84 hours,All Levels,True,2026-03-03,2016-06-06T19:28:18Z,https://img-c.udemycdn.com/course/240x135/358540_d06b_18.jpg,java
5099336,Java for Beginners,https://www.udemy.com/course/java-for-beginners-telusko/,"Java fundamentals, OOP, Exceptions, Threads in Java with Telusko",Navin Reddy,4.563812,5971,48708,118,14.5 hours,Beginner,True,2025-10-13,2023-02-19T23:49:06Z,https://img-c.udemycdn.com/course/240x135/5099336_7855_3.jpg,java
2691654,"Java from Zero to First Job, Practical Guide, 2000+ examples",https://www.udemy.com/course/java-development-for-beginners-learnit/,"Java Core, TDD, Streams, Lambdas, JPA/Hibernate, SQL, Build Tools, Git, Web Servers, HTML,Servlets, JSP, Spring Boot etc",Andrii Piatakha,4.352139,6273,295063,610,172.5 hours,All Levels,True,2026-02-20,2020-05-27T21:34:10Z,https://img-c.udemycdn.com/course/240x135/2691654_2f52_3.jpg,java
3794620,Java Basics for Beginners: Learn Coding with Java,https://www.udemy.com/course/java-programming-for-beginners-learn-coding-with-java/,Learn Java Basics with Real Coding Examples. Become a Java Programmer From Complete Beginner,Victor Gorinov,4.435405,6408,18694,16,2 hours,Beginner,True,2021-05-02,2021-01-26T12:38:10Z,https://img-c.udemycdn.com/course/240x135/3794620_2f4c_3.jpg,java
919872,Android Java Masterclass - Become an App Developer,https://www.udemy.com/course/master-android-7-nougat-java-app-development-step-by-step/,Improve your career options by learning Android app Development. Master Android Studio and build your first app today,Tim Buchalka,4.051799,10737,72708,324,60.5 hours,All Levels,True,2025-04-01,2016-08-21T16:49:12Z,https://img-c.udemycdn.com/course/240x135/919872_ed54_6.jpg,java
6716909,Ultimate Web Development Course 2026 - Build Modern Websites,https://www.udemy.com/course/codewithharry-web-development-course/,"This is the only modern, always up-to-date Web Development course you will ever need.",Haris Ali Khan,4.549844,1505,6171,146,22 hours,All Levels,True,2026-01-05,2025-08-02T11:21:17Z,https://img-c.udemycdn.com/course/240x135/6716909_a768_2.jpg,web-development
6728143,Full Stack Web Development: Complete Web Development Course,https://www.udemy.com/course/full-stack-web-development-complete-web-development-course-o/,"Complete full stack web development going from zero to the most advanced: Html, CSS, Javascript, React, Node and Sql.","Full Stack Web Development Complete full stack web development: mern, python, java, project",4.4467463,129,478,267,27.5 hours,All Levels,True,2025-07-22,2025-07-23T01:29:13Z,https://img-c.udemycdn.com/course/240x135/6728143_0fdb_2.jpg,web-development
6806343,Blazor:  From Beginner To Pro (.NET 8),https://www.udemy.com/course/complete-blazor/,"Become a Full Stack Web Developer using industry leading tools. HTML, CSS, JavaScript, .NET, C#, PostgreSQL, and Blazor.","Bobby Davis, Jr",4.610387,106,888,161,53.5 hours,All Levels,True,2025-10-22,2025-09-17T15:47:31Z,https://img-c.udemycdn.com/course/240x135/6806343_ab34_3.jpg,web-development
625204,The Web Developer Bootcamp 2026,https://www.udemy.com/course/the-web-developer-bootcamp/,"With 10 Hours of React added. Become a Developer With ONE course - HTML, CSS, JavaScript, React, Node, MongoDB and More!",Colt Steele,4.6620636,284893,952301,704,74 hours,All Levels,True,2026-02-23,2015-11-02T21:13:27Z,https://img-c.udemycdn.com/course/240x135/625204_436a_3.jpg,web-development
6932029,AI Web Development & Indie Hacking Bootcamp,https://www.udemy.com/course/ai-web-development-indie-hacking-bootcamp/,Use GitHub Copilot and natural language to go from concept to a live launched web-app!,Brad Schiff,4.713421,38,359,41,7.5 hours,All Levels,True,2025-11-26,2025-11-22T04:49:31Z,https://img-c.udemycdn.com/course/240x135/6932029_db8b.jpg,web-development
6698967,Django & HTMX - Building Hypermedia Web Applications!,https://www.udemy.com/course/django-htmx-hypermedia-web-apps/,"Learn how to build HTMX-driven apps with Django, including WebSocket based apps with django-channels",BugBytes (Lyle),4.868487,94,495,79,11 hours,All Levels,True,2026-01-22,2025-11-03T03:47:33Z,https://img-c.udemycdn.com/course/240x135/6698967_4dce.jpg,web-development
6921735,Minimal API with .NET 10 and C#,https://www.udemy.com/course/minimal-api-net10/,Build modern web APIs using Microsoft’s latest Minimal API framework. | .Net 10 | Minimal API | C# | ASP.NET Core,"Bobby Davis, Jr",4.736006,22,173,44,12.5 hours,All Levels,True,2025-11-20,2025-11-19T22:31:47Z,https://img-c.udemycdn.com/course/240x135/6921735_4cde.jpg,web-development
6586129,Building Amazon Style Full Stack Microservices,https://www.udemy.com/course/building-amazon-style-full-stack-microservices/,"Using .Net 9, Rabbit MQ, Saga Pattern, Outbox,   Angular 20, Docker, Kubernetes, Azure, Service Mesh and many more...",Rahul Sahay,4.625443,109,1833,349,34.5 hours,Beginner,True,2025-11-19,2025-08-20T14:49:47Z,https://img-c.udemycdn.com/course/240x135/6586129_b434.jpg,web-development
6844079,Full Stack Web Development: From Zero to Your First Job 2026,https://www.udemy.com/course/full-stack-web-development-from-zero-to-your-first-job-g/,"Learn web programming and fullstack development, understand frontend, backend, API’S and relational databases.","Full Stack Web Development Complete full stack web development: mern, python, java, project",4.744732,84,170,58,6 hours,All Levels,True,2026-01-03,2025-09-28T10:52:34Z,https://img-c.udemycdn.com/course/240x135/6844079_7d74.jpg,web-development
6035102,Complete web development course,https://www.udemy.com/course/web-dev-master/,"Only web development course that you will need. Covers HTML, CSS, Tailwind, Node, React, MongoDB, Prisma, Deployment etc",Hitesh Choudhary,4.5723596,19628,69390,331,100 hours,All Levels,True,2026-01-15,2024-09-16T10:36:41Z,https://img-c.udemycdn.com/course/240x135/6035102_7d1a.jpg,web-development
7039719,"100 Days of HTML, CSS and JavaScript - Build 100 Projects",https://www.udemy.com/course/100-html-css-js/,Master HTML CSS JavaScript by building 100 real-world projects. From UI components to games to API-powered apps.,Burak Orkmez,4.7191224,23,226,148,24.5 hours,All Levels,True,2026-02-16,2026-02-06T03:27:55Z,https://img-c.udemycdn.com/course/240x135/7039719_ae92.jpg,web-development
6833239,"Data Analytics, Data Science, & Machine Learning - All in 1",https://www.udemy.com/course/data-analytics-data-science-machine-learning-all-in-1/,"From Theory to Hands-on Projects - EVERYTHING to Master Data Analytics, Data Science and Machine Learning in 1 Course.",Analytix AI,4.71857,4165,8937,547,66.5 hours,All Levels,True,2026-02-12,2025-09-27T01:42:25Z,https://img-c.udemycdn.com/course/240x135/6833239_16c7_2.jpg,data-science
6777123,Machine Learning & AI Foundations Course,https://www.udemy.com/course/machine-learning-ai-foundations-course/,"Learn the core concepts of AI & Machine Learning, from basics to real-world applications, step by step",Data Science Academy,4.4708953,170,14505,48,2.5 hours,Beginner,True,2025-08-21,2025-08-21T09:19:21Z,https://img-c.udemycdn.com/course/240x135/6777123_c064_2.jpg,data-science
6824767,Data Science & AI Mastery: From Basics to Deployment,https://www.udemy.com/course/data-science-ai-mastery-from-basics-to-deployment/,"Practical journey into Data Science & AI with real projects, labs, and deployment skills to launch your career",Data Science Academy,4.452488,69,9562,26,3.5 hours,Beginner,True,2025-09-19,2025-09-19T20:19:36Z,https://img-c.udemycdn.com/course/240x135/6824767_6877_2.jpg,data-science
1754098,The Data Science Course: Complete Data Science Bootcamp 2026,https://www.udemy.com/course/the-data-science-course-complete-data-science-bootcamp/,"Complete Data Science Training: Math, Statistics, Python, Advanced Statistics in Python, Machine and Deep Learning",365 Careers,4.541409,160082,795179,525,32 hours,All Levels,True,2026-02-02,2018-06-21T21:27:03Z,https://img-c.udemycdn.com/course/240x135/1754098_e0df_3.jpg,data-science
5993822,"Complete Data Science,Machine Learning,DL,NLP Bootcamp",https://www.udemy.com/course/complete-machine-learning-nlp-bootcamp-mlops-deployment/,"Master the theory, practice,and math behind Data Science,Machine Learning,Deep Learning,NLP with end to end projects",Krish Naik,4.5140247,23686,132111,429,99 hours,All Levels,True,2025-07-30,2024-06-04T07:35:02Z,https://img-c.udemycdn.com/course/240x135/5993822_2c2a_7.jpg,data-science
971154,Introduction to Machine Learning for Data Science,https://www.udemy.com/course/machine-learning-for-data-science/,"A primer on Machine Learning for Data Science.  Revealed for everyday people, by the Backyard Data Scientist.",David Valentine,4.558557,16335,72778,62,5.5 hours,Beginner,True,2020-07-29,2016-11-11T15:30:48Z,https://img-c.udemycdn.com/course/240x135/971154_6799_2.jpg,data-science
671576,"Machine Learning, Data Science & AI Engineering with Python",https://www.udemy.com/course/data-science-and-machine-learning-with-python-hands-on/,"Complete hands-on deep learning, AI engineering and Generative AI tutorial with data science, Tensorflow, GPT, OpenAI",Sundog Education by Frank Kane,4.573093,36429,241450,151,21 hours,All Levels,True,2026-02-12,2016-02-02T00:11:44Z,https://img-c.udemycdn.com/course/240x135/671576_a272_4.jpg,data-science
513244,Data Science A-Z: Hands-On Exercises & ChatGPT Prize [2026],https://www.udemy.com/course/datascience/,"Learn Data Science step by step through real Analytics examples. Data Mining, Modeling, Tableau Visualization and more!",Kirill Eremenko,4.542641,34795,224056,217,21 hours,All Levels,True,2026-01-05,2015-08-18T20:20:15Z,https://img-c.udemycdn.com/course/240x135/513244_b831_4.jpg,data-science
1298780,Statistics for Data Science and Business Analysis,https://www.udemy.com/course/statistics-for-data-science-and-business-analysis/,"Statistics you need in the office: Descriptive & Inferential statistics, Hypothesis testing, Regression analysis",365 Careers,4.5937467,49334,227867,92,5 hours,All Levels,True,2024-02-21,2017-07-28T04:11:51Z,https://img-c.udemycdn.com/course/240x135/1298780_731f_4.jpg,data-science
2511476,"Complete A.I. & Machine Learning, Data Science Bootcamp",https://www.udemy.com/course/complete-machine-learning-and-data-science-zero-to-mastery/,"Learn Data Science, Data Analysis, Machine Learning (Artificial Intelligence) and Python with Tensorflow, Pandas & more!",Andrei Neagoie,4.59266,29907,159743,384,44 hours,All Levels,True,2026-02-19,2020-01-16T15:16:27Z,https://img-c.udemycdn.com/course/240x135/2511476_4e38_5.jpg,data-science
6106647,Mathematics-Basics to Advanced for Data Science And GenAI,https://www.udemy.com/course/mathematics-basics-to-advanced-for-data-science-and-ml/,"Build Strong math foundation with linear algebra,stats,probability,differential calculus for mastering data science",Krish Naik,4.499672,3664,27310,97,23 hours,All Levels,True,2024-10-19,2024-08-12T09:51:58Z,https://img-c.udemycdn.com/course/240x135/6106647_5842.jpg,data-science
6280017,"Data Science Mastery 2025: Excel, Python & Tableau",https://www.udemy.com/course/data-science-mastery-2025-excel-python-tableau/,"A beginner-friendly data science course covering Excel, Python, Tableau, and statistics with real-world projects.",Meritshot Academy,4.551232,402,30685,166,21.5 hours,All Levels,True,2025-04-03,2025-01-22T14:29:00Z,https://img-c.udemycdn.com/course/240x135/6280017_ef41_2.jpg,data-science
6955871,"Machine Learning Bootcamp: Python, Projects & Deployment",https://www.udemy.com/course/machine-learning-bootcamp-python-projects-deployment/,"Learn Python, Math, Machine Learning, Build Real-World Projects & Deploy ML Apps on AWS",Siddhardhan S,4.56858,126,1031,128,66.5 hours,All Levels,True,2026-01-26,2026-01-21T20:43:14Z,https://img-c.udemycdn.com/course/240x135/6955871_c3d1_2.jpg,machine-learning
950390,"Machine Learning A-Z: AI, Python & R + ChatGPT Prize [2026]",https://www.udemy.com/course/machinelearning/,Learn to create Machine Learning Algorithms in Python and R from two Data Science experts. Code templates included.,Kirill Eremenko,4.4743185,202735,1179480,386,43 hours,All Levels,True,2026-01-05,2016-09-13T21:43:44Z,https://img-c.udemycdn.com/course/240x135/950390_270f_3.jpg,machine-learning
6473929,Machine Learning Foundations: Build Expert-Level AI Models,https://www.udemy.com/course/machine-learning-foundations-build-expert-level-ai-models/,"Master advanced ML concepts through clear, practical lessons designed for learners of all backgrounds.",Meritshot Academy,4.543442,37,9731,141,17.5 hours,All Levels,True,2026-01-22,2025-12-05T04:04:46Z,https://img-c.udemycdn.com/course/240x135/6473929_807b.jpg,machine-learning
6738401,Machine Learning & Deep Learning Masterclass for Beginners,https://www.udemy.com/course/machine-learning-deep-learning-masterclass-for-beginners/,"A Full-fledged Machine Learning Course for Beginners. Master End-to-end ML & DL Process, Python, Math, EDA and Projects.",Shahriar's Intelligence Academy,4.4816413,189,1844,212,25.5 hours,All Levels,True,2025-07-25,2025-07-28T19:33:09Z,https://img-c.udemycdn.com/course/240x135/6738401_99c0_3.jpg,machine-learning
977062,Scala and Spark for Big Data and Machine Learning,https://www.udemy.com/course/scala-and-spark-for-big-data-and-machine-learning/,"Learn the latest Big Data technology - Spark and Scala, including Spark 2.0 DataFrames!",Jose Portilla,4.5782213,5574,33083,80,10 hours,All Levels,True,2019-09-04,2016-11-14T17:04:23Z,https://img-c.udemycdn.com/course/240x135/977062_019b_2.jpg,machine-learning
5201866,Python and Machine Learning for Complete Beginners,https://www.udemy.com/course/python-machine-learning-beginners/,Become Part of the Artificial Intelligence Revolution,John Purcell,4.4906974,556,2889,467,43.5 hours,Beginner,True,2025-01-10,2023-03-15T19:25:53Z,https://img-c.udemycdn.com/course/240x135/5201866_734c_2.jpg,machine-learning
5329926,The Ultimate Beginner's Guide to AI and Machine Learning,https://www.udemy.com/course/the-ultimate-beginners-guide-to-ai-and-machine-learning/,"Plus: (1) AI and Humans, (2) Generative AI and Leaders, (3) AI and Operations, (4) AI and Business Strategy",Irlon Terblanche,4.4079127,2388,12475,636,36 hours,Beginner,True,2026-02-08,2023-05-23T16:24:28Z,https://img-c.udemycdn.com/course/240x135/5329926_9de6_4.jpg,machine-learning
4850130,Machine Learning using Python,https://www.udemy.com/course/machine-learning-using-python-starttech/,"(With Practice Labs) Linear & Logistic Regression, Decision Trees, XGBoost, SVM & other ML models in Python",Start-Tech Academy,4.5763645,823,30443,165,19 hours,All Levels,True,2026-02-08,2022-09-04T09:58:26Z,https://img-c.udemycdn.com/course/240x135/4850130_02dd_2.jpg,machine-learning
6810317,Machine Learning for Embedded Systems with ARM Ethos-U NPU,https://www.udemy.com/course/machine-learning-for-embedded-systems-with-arm-ethos-u-npu/,"Learn AI, ML, and TensorFlow Lite for microcontrollers with ARM NPU",Wadix Technologies,4.8992314,105,3294,109,6 hours,Intermediate,True,2025-11-28,2025-09-07T00:56:39Z,https://img-c.udemycdn.com/course/240x135/6810317_892c.jpg,machine-learning
6812079,"Complete Generative AI Course: RAG, AI Agents & Deployment",https://www.udemy.com/course/generative-ai-for-beginners-chatbots-rag-mcp-ai-agents/,"Learn Generative AI from scratch – Build RAG, AI Agents & Chatbots, master MCP, and deploy real-world projects",Siddhardhan S,4.5303817,1045,7829,65,19 hours,All Levels,True,2026-01-26,2025-09-22T07:08:59Z,https://img-c.udemycdn.com/course/240x135/6812079_0df6_11.jpg,machine-learning
6324929,Complete React and NextJS course with AI powered Projects,https://www.udemy.com/course/complete-react-and-nextjs-course-with-ai-powered-projects/,"Learn React & Next.js by building AI projects with Convex, Supabase, Drizzle, and production-ready payment gateways",Hitesh Choudhary,4.583933,672,4537,252,64.5 hours,All Levels,True,2025-12-10,2025-11-28T15:12:20Z,https://img-c.udemycdn.com/course/240x135/6324929_df40.jpg,react
6813953,"Full-Stack Development for Beginner: React, Next.js, Node.js",https://www.udemy.com/course/full-stack-development-for-beginner-react-nextjs-nodejs/,"Become a Full-Stack Web Developer and Build 5 Real Projects with React, Next.js, Node.js, REST API, AI Integration, more",Anton Voroniuk,4.4668174,205,17525,352,36 hours,All Levels,True,2026-02-18,2025-09-15T06:46:12Z,https://img-c.udemycdn.com/course/240x135/6813953_b17a.jpg,react
6801317,Big React JS Course With AI (Redux / Router / Tailwind CSS),https://www.udemy.com/course/big-react-js-course-with-ai-redux-router-tailwind-css/,Ultimate React JS Course + Complete Study of the React Ecosystem Libraries (Redux / Router) & Tailwind CSS With AI,Dmitrii Fokeev,4.7049074,98,674,203,25.5 hours,All Levels,True,2026-01-23,2025-09-02T16:51:16Z,https://img-c.udemycdn.com/course/240x135/6801317_ed16_3.jpg,react
1362070,"React - The Complete Guide (incl. Next.js, Redux)",https://www.udemy.com/course/react-the-complete-guide-incl-redux/,"Dive in and learn React.js from scratch! Learn React, Hooks, Redux, React Router, Next.js, Best Practices and way more!",Academind by Maximilian Schwarzmüller,4.6772385,238928,1010549,728,71.5 hours,All Levels,True,2026-01-16,2017-10-24T22:03:07Z,https://img-c.udemycdn.com/course/240x135/1362070_b9a1_2.jpg,react
6673101,React: A Quick Understanding (Deep Dive JumpStart < 2 Hours),https://www.udemy.com/course/react-quick-understanding/,"A quick deep dive mini bootcamp - React 19, JSX, Components, Hooks, use, Data Fetching, Suspense, AI and LLM generation",Anthony Alicea,4.6630855,460,2561,29,2 hours,All Levels,True,2025-12-23,2025-06-24T17:17:28Z,https://img-c.udemycdn.com/course/240x135/6673101_2d8b_4.jpg,react
6527545,React Bootcamp - The Complete Guide,https://www.udemy.com/course/react-bootcamp-the-complete-guide/,Master fundamentals of React JS and then dive into advance React concepts including Redux with real world project,Bhrugen Patel - (DotNetMastery | Microsoft MVP | 300k+ Students),4.564805,70,605,287,16 hours,All Levels,True,2026-02-04,2025-09-23T19:03:22Z,https://img-c.udemycdn.com/course/240x135/6527545_c78a.jpg,react
6704021,Modern React From The Beginning,https://www.udemy.com/course/modern-react-from-the-beginning/,"Learn React from the ground up along with modern environments such as React Router v7, TanStack, MERN, etc",Brad Traversy,4.686015,935,6559,227,25.5 hours,Beginner,True,2025-08-12,2025-07-07T15:21:35Z,https://img-c.udemycdn.com/course/240x135/6704021_a06b.jpg,react
705264,Modern React with Redux,https://www.udemy.com/course/react-redux/,"Master React and Redux. Apply modern design patterns to build apps with React Router, TailwindCSS, Context, and Hooks!",Stephen Grider,4.669053,88964,329331,693,75.5 hours,All Levels,True,2026-02-03,2015-12-28T19:20:21Z,https://img-c.udemycdn.com/course/240x135/705264_caa9_13.jpg,react
6821783,ReactJS & ChatGPT Masterclass 2026: Build 10x Faster with AI,https://www.udemy.com/course/reactjs-chatgpt-crash-course-build-apps-step-by-step/,"[Top 3% Rated for Business] Master ReactJS 19+, Tailwind, Hooks, Routing, ChatGPT, Git and GitHub – Build 10x Faster",Hasnain Ali,4.82402,530,1082,86,8 hours,All Levels,True,2026-02-12,2025-09-13T17:07:10Z,https://img-c.udemycdn.com/course/240x135/6821783_3e01_3.jpg,react
5939718,React 18 / 19 Course 2025 - Learn React JS the fast way,https://www.udemy.com/course/master-react/,"Develop React JS web applications including components, state, effect, hooks, React router, reducer, context, etc.",Jannick Leismann,4.5498157,6453,31712,162,13 hours,Beginner,True,2025-11-16,2024-04-29T08:11:21Z,https://img-c.udemycdn.com/course/240x135/5939718_4725_4.jpg,react
6808753,The Complete React 19 Developer Course (incl. Next.js 16),https://www.udemy.com/course/best-react-course/,"Build Stunning, Real-World Web Applications using React 19, Next.js 16. Learn React TanStack, Redux Toolkit, and more!",Development Island (UK),4.734557,15,238,248,34.5 hours,All Levels,True,2026-03-02,2025-11-24T21:55:13Z,https://img-c.udemycdn.com/course/240x135/6808753_3cce_6.jpg,react
6347145,Next.js Ecommerce 2025 - Shopping Platform From Scratch,https://www.udemy.com/course/nextjs-ecommerce-course/,"Use Next 15, React 19, TypeScript, PostgreSQL and Prisma to build a real-world ecommerce website",Brad Traversy,4.652615,1134,8859,163,22.5 hours,All Levels,True,2025-02-15,2024-12-21T04:23:48Z,https://img-c.udemycdn.com/course/240x135/6347145_b715.jpg,react
762616,The Complete SQL Bootcamp: Go from Zero to Hero,https://www.udemy.com/course/the-complete-sql-bootcamp/,Become an expert at SQL!,Jose Portilla,4.6679683,250828,997703,83,9 hours,All Levels,True,2022-12-30,2016-04-06T05:16:11Z,https://img-c.udemycdn.com/course/240x135/762616_7693_3.jpg,sql
5934818,The Complete SQL Bootcamp (30 Hours): Go from Zero to Hero,https://www.udemy.com/course/the-complete-sql-bootcamp-30-hours-go-from-zero-to-hero/,"The Only SQL Course with 200+ Visual Animations:  Learn Fast, Practice Hard & Build Real-World Projects",Baraa Khatib Salkini,4.7224736,6629,29440,302,30 hours,All Levels,True,2026-01-29,2025-03-24T01:13:56Z,https://img-c.udemycdn.com/course/240x135/5934818_9a72.jpg,sql
3350536,SQL and PostgreSQL: The Complete Developer's Guide,https://www.udemy.com/course/sql-and-postgresql/,"Become an expert with SQL and PostgreSQL! Store and fetch data, tune queries, and design efficient database structures!",Stephen Grider,4.7230763,12543,81839,289,22 hours,Beginner,True,2026-02-03,2020-10-19T16:43:35Z,https://img-c.udemycdn.com/course/240x135/3350536_a1af.jpg,sql
3499600,"PostgreSQL Bootcamp : Go From Beginner to Advanced, 60+hours",https://www.udemy.com/course/postgresqlmasterclass/,"Learn about Subqueries, CTEs, Indexes, PL/SQL, PL/pgSQL, Triggers, Cursors, Partitions, Views, JSON, Window Functions...",Adnan Waheed,4.5791264,5148,39197,629,67.5 hours,All Levels,True,2023-10-13,2021-01-14T16:38:41Z,https://img-c.udemycdn.com/course/240x135/3499600_e984_5.jpg,sql
3832968,Complete Microsoft SQL Server Database Administration Course,https://www.udemy.com/course/complete-microsoft-sql-server-database-administration-course/,Mastering Database Management and Security with Microsoft SQL Server,Imran Afzal,4.467019,10633,67885,124,32 hours,All Levels,True,2026-02-16,2021-09-16T16:38:27Z,https://img-c.udemycdn.com/course/240x135/3832968_141a_10.jpg,sql
6987295,SQL Mastery for Data Analytics and Business Intelligence,https://www.udemy.com/course/sql-mastery-for-data-analytics-and-business-intelligence/,"Learn SQL Visually (200+ Animated Sketches): SQL for Data Analysts, Reporting, and Real Projects",Baraa Khatib Salkini,4.897922,138,604,177,17 hours,All Levels,True,2026-02-06,2026-02-05T06:29:08Z,https://img-c.udemycdn.com/course/240x135/6987295_6eae_2.jpg,sql
6680835,The Complete SQL & Power BI Bootcamp: Become a Data Analyst,https://www.udemy.com/course/the-complete-sql-power-bi-bootcamp-become-a-data-analyst/,"Business Intelligence with SQL & Power BI: Master MySQL, DAX, Data Modeling & Professional Dashboards",Khushbakht Hassan,4.454409,304,886,46,6 hours,All Levels,True,2026-01-13,2025-11-21T18:14:35Z,https://img-c.udemycdn.com/course/240x135/6680835_d238_2.jpg,sql
1187016,The Ultimate MySQL Bootcamp: Go from SQL Beginner to Expert,https://www.udemy.com/course/the-ultimate-mysql-bootcamp-go-from-sql-beginner-to-expert/,"COMPLETELY REDONE!  Master SQL, Work With Complex Databases, Build Reports, and More!",Colt Steele,4.6522517,107522,510858,336,18 hours,Beginner,True,2026-01-16,2017-05-12T17:06:13Z,https://img-c.udemycdn.com/course/240x135/1187016_51b3.jpg,sql
1405632,SQL - MySQL for Data Analytics and Business Intelligence,https://www.udemy.com/course/sql-mysql-for-data-analytics-and-business-intelligence/,"SQL that will get you hired – SQL for Data Science, Data Engineering, Business Analysis, Marketing, and Data Management",365 Careers,4.629506,64704,271925,334,12 hours,All Levels,True,2026-01-05,2017-10-25T05:29:35Z,https://img-c.udemycdn.com/course/240x135/1405632_6e6f_2.jpg,sql
6576589,SQL for Excel Users: Beginner-Friendly Guide for Excel Users,https://www.udemy.com/course/sql-for-excel-users/,Learn SQL directly in Microsoft Excel using a free add-in—no database setup or coding experience required!,"Kyle Pew • 2,000,000+ Students",4.7631874,419,2289,44,2 hours,Beginner,True,2025-05-23,2025-05-21T21:48:58Z,https://img-c.udemycdn.com/course/240x135/6576589_3a0b.jpg,sql
1272712,SQL and PostgreSQL for Beginners: Become a SQL Expert,https://www.udemy.com/course/sql-and-postgresql-for-beginners/,Become an Expert in SQL and PostgreSQL: Master SQL with PostgreSQL and PgAdmin 4,Jon Avis,4.4452825,8447,38670,165,12.5 hours,Beginner,True,2026-02-04,2017-07-11T14:47:04Z,https://img-c.udemycdn.com/course/240x135/1272712_2a82_14.jpg,sql
6299761,SQL for Data Analysis: Advanced SQL Querying Techniques,https://www.udemy.com/course/sql-advanced-queries/,"Learn advanced data analysis with SQL, and master topics like subqueries, CTEs, window functions, and more","Maven Analytics • 1,500,000 Learners",4.6541944,5481,27137,125,8.5 hours,All Levels,True,2025-11-18,2024-11-23T23:30:02Z,https://img-c.udemycdn.com/course/240x135/6299761_9b16_5.jpg,sql
3142166,[NEW] Ultimate AWS Certified Cloud Practitioner CLF-C02 2026,https://www.udemy.com/course/aws-certified-cloud-practitioner-new/,Full Practice Exam included + explanations | Learn Cloud Computing | Pass the AWS Cloud Practitioner CLF-C02 exam!,"Stephane Maarek | AWS Certified Cloud Practitioner,Solutions Architect,Developer",4.7270727,282525,1291181,282,14.5 hours,Beginner,True,2026-03-01,2020-06-04T15:59:21Z,https://img-c.udemycdn.com/course/240x135/3142166_a637_3.jpg,aws-certification
6546289,AWS From Zero to Hero - The Complete Guide,https://www.udemy.com/course/aws-from-zero-to-hero-the-complete-guide/,Hands-On AWS Mastery – Learn Real-World Cloud Skills from a Certified AWS Architect.,Memi Lavi,4.6103554,332,2978,298,21.5 hours,Beginner,True,2026-02-07,2025-08-01T09:53:03Z,https://img-c.udemycdn.com/course/240x135/6546289_05cc_2.jpg,aws-certification
1625530,AWS DynamoDB - The Complete Guide (Build 18+ Hands On Demos),https://www.udemy.com/course/dynamodb/,"Master Amazon DynamoDB, the Serverless NoSQL AWS database. Integrate DynamoDB w/ Web & Mobile Apps over Node.js REST API",Riyaz Sayyad,4.5687637,2776,25283,121,16.5 hours,All Levels,True,2019-11-21,2018-06-12T19:49:54Z,https://img-c.udemycdn.com/course/240x135/1625530_bf83.jpg,aws-certification
2469516,AWS Certified Solutions Architect Associate (SAA-C03) Course,https://www.udemy.com/course/aws-certified-solutions-architect-associate-hands-on/,2026 AWS Certified Solutions Architect Associate Video Course SAA-C03 | Hands-on Exercises + AWS Practice Exam + Slides,Neal Davis | AWS Certified Solutions Architect & Developer,4.574839,22458,119012,290,23 hours,All Levels,True,2026-03-05,2019-08-21T13:54:55Z,https://img-c.udemycdn.com/course/240x135/2469516_ab87_11.jpg,aws-certification
6082267,AWS Cloud Architecture for Java Spring Boot Developers,https://www.udemy.com/course/aws-java/,"AWS Infrastructure: Serverless ECS Fargate, VPC, Route 53, ALB, Auto Scaling, Security, Zero-Downtime CI/CD Pipelines.",Vinoth Selvaraj,4.563853,531,5188,179,12.5 hours,All Levels,True,2026-02-17,2024-07-22T06:25:55Z,https://img-c.udemycdn.com/course/240x135/6082267_2c68_4.jpg,aws-certification
5918318,AWS Crash Course | Job Interview| World's 1st QnA Style 2026,https://www.udemy.com/course/aws-crash-course-101-job-guarantee-worlds-1st-qna-style/,100% Guaranteed Job Prep Series | 200+ questions with Practicals prepared with AWS employees for Freshers to Experience,Karan Gupta - Coursediy.com,4.8890963,183,2012,197,14.5 hours,All Levels,True,2026-02-09,2024-10-29T17:25:05Z,https://img-c.udemycdn.com/course/240x135/5918318_2897_4.jpg,aws-certification
2983406,AWS Certified Cloud Practitioner - Essentials Course 2026,https://www.udemy.com/course/aws-technical-essentials/,"Learn from Cloud and security instructor about the AWS Platform, global infrastructure, security, and the core services.",Anand Rao Nednur,4.4958367,1790,16928,73,7.5 hours,Intermediate,True,2026-02-11,2020-04-22T03:30:35Z,https://img-c.udemycdn.com/course/240x135/2983406_eae1_5.jpg,aws-certification
1483106,Exploring AWS IoT,https://www.udemy.com/course/exploring-aws-iot/,Device to AWS Cloud integration:  Programming Embedded Devices and managing data in AWS IoT,Stephen Borsay,4.5427437,3639,22130,79,7.5 hours,Intermediate,True,2025-09-15,2018-01-11T16:25:10Z,https://img-c.udemycdn.com/course/240x135/1483106_5672_5.jpg,aws-certification
1047846,Amazon Web Services (AWS) Certified - 5 Certifications!,https://www.udemy.com/course/aws-certified-associate-architect-developer-sysops-admin/,"AWS Certified (AI & Cloud Practitioner, Solutions Architect, Developer, SysOps Administrator Associate)",BackSpace Academy,4.5560217,25080,165669,218,54.5 hours,All Levels,True,2025-09-02,2017-04-12T21:54:52Z,https://img-c.udemycdn.com/course/240x135/1047846_83ef_30.jpg,aws-certification
2267332,AWS VPC and Networking in depth: Learn practically !,https://www.udemy.com/course/networking-in-aws/,Amazon VPC and Networking from basics to advance with 20+ simple to complex real life hands-on exercises,Chetan Agrawal | Ex. Senior Solutions Architect at AWS,4.712092,6000,37855,63,11.5 hours,All Levels,True,2026-02-24,2019-03-22T01:50:23Z,https://img-c.udemycdn.com/course/240x135/2267332_4331_14.jpg,aws-certification
6311615,[NEW] AWS Certified Cloud Practitioner 2026 [CLF-C02],https://www.udemy.com/course/aws-certified-cloud-practitioner-clf-c02-latest/,Build strong AWS foundation | Become AWS Cloud Certified | 40+ Labs | 1 Full Practic Test | For absolute AWS beginners,Chetan Agrawal | Ex. Senior Solutions Architect at AWS,4.6417375,869,11011,291,22.5 hours,Beginner,True,2026-02-08,2025-03-17T09:51:10Z,https://img-c.udemycdn.com/course/240x135/6311615_ea85_9.jpg,aws-certification
5625716,Migration to AWS,https://www.udemy.com/course/migration-to-aws/,Learn about the whole lifecycle of Migration to AWS,Ashish Prajapati,4.6908545,504,2975,62,14 hours,Intermediate,True,2023-10-27,2023-10-28T02:53:51Z,https://img-c.udemycdn.com/course/240x135/5625716_0a03_6.jpg,aws-certification
3142170,6 Practice Exams | AWS Certified Cloud Practitioner CLF-C02,https://www.udemy.com/course/practice-exams-aws-certified-cloud-practitioner/,Prepare the AWS Certified Cloud Practitioner CLF-C02. 390 unique high-quality test questions with detailed explanations!,"Stephane Maarek | AWS Certified Cloud Practitioner,Solutions Architect,Developer",4.562917,38426,324812,0,390 questions,Beginner,True,2026-01-21,2020-06-08T11:48:57Z,https://img-c.udemycdn.com/course/240x135/3142170_19fd_4.jpg,aws-certification
6757241,AI Cybersecurity Solutions: Overview of Applied AI Security,https://www.udemy.com/course/ai-cybersecurity-learnit/,"Learn to identify, analyze, and mitigate GenAI threats using modern security playbooks",Andrii Piatakha,4.635659,159,8908,27,8 hours,All Levels,True,2026-02-13,2025-11-18T18:09:02Z,https://img-c.udemycdn.com/course/240x135/6757241_d334_3.jpg,cyber-security
4038718,Complete Introduction to Cybersecurity 2026,https://www.udemy.com/course/complete-introduction-to-cybersecurity/,Learn the basics of I.T. and fundamentals cybersecurity. Complete Beginner Course!,Grant Collins,4.3839054,8229,63770,40,2.5 hours,Beginner,True,2026-01-06,2021-05-21T21:42:36Z,https://img-c.udemycdn.com/course/240x135/4038718_de65_2.jpg,cyber-security
1494648,Risk Management for Cybersecurity and IT Managers,https://www.udemy.com/course/risk-management-for-cybersecurity/,The management's guide to understanding Risk Management decisions in cybersecurity and information technology (IT),Jason Dion • 2.8 Million+ Enrollments Worldwide,4.4804106,21392,55790,24,3 hours,All Levels,True,2026-03-02,2018-01-08T16:37:10Z,https://img-c.udemycdn.com/course/240x135/1494648_39fb_5.jpg,cyber-security
4672448,The Complete Certified in Cybersecurity CC course ISC2 2025,https://www.udemy.com/course/certifiedincybersecurity/,Start your Cyber security career today! Take the Complete Certified in Cybersecurity (CC) beginners course ISC2 - 2025,"Thor Pedersen | 670,000+ Enrollments Worldwide",4.680898,14445,70531,145,17.5 hours,All Levels,True,2025-11-16,2022-11-01T16:08:28Z,https://img-c.udemycdn.com/course/240x135/4672448_5ec9_4.jpg,cyber-security
3654420,Cyber Security: From Beginner to Expert,https://www.udemy.com/course/cybersecurity-from-beginner-to-expert/,Cyber Security made easy for absolute beginners - learn from an industry expert with PhD,"Logix Academy | 150,000+ Enrollments Worldwide",4.585197,14654,86894,101,15.5 hours,Beginner,True,2025-08-15,2020-12-06T14:45:41Z,https://img-c.udemycdn.com/course/240x135/3654420_6ef3_8.jpg,cyber-security
6808985,Cyber Security & Ethical Hacking v2026: From Zero to Expert,https://www.udemy.com/course/cyber-security-ethical-hacking-v2026-from-zero-to-expert/,"Learn cybersecurity, ethical hacking, and Kali Linux tools — protect networks, exploit systems, and defend like a pro.",IT Security Online Training,4.287388,84,386,82,22 hours,All Levels,True,2025-10-26,2025-10-26T09:16:40Z,https://img-c.udemycdn.com/course/240x135/6808985_a8b3_2.jpg,cyber-security
6376435,SOC2: System and Organization Controls,https://www.udemy.com/course/soc2-system-and-organization-controls/,Cybersecurity | Auditing,Christopher Nett | 90.000+ Enrollments Worldwide,4.5709567,571,2146,44,2.5 hours,All Levels,True,2026-01-29,2025-05-26T00:48:32Z,https://img-c.udemycdn.com/course/240x135/6376435_a369_3.jpg,cyber-security
872460,The Complete Cyber Security Course : End Point Protection!,https://www.udemy.com/course/the-complete-cyber-security-course-end-point-protection/,"Volume 4 :Become a Cyber Security Specialist, Antivirus & Malware, Disk Encryption, Finding & Removing Hackers & Malware",Nathan House,4.4810867,7079,101642,177,16.5 hours,All Levels,True,2024-03-24,2016-12-21T15:38:47Z,https://img-c.udemycdn.com/course/240x135/872460_879b_2.jpg,cyber-security
614772,The Complete Cyber Security Course : Hackers Exposed!,https://www.udemy.com/course/the-complete-internet-security-privacy-course-volume-1/,"Volume 1 : Become a Cyber Security Specialist, Learn How to Stop Hackers, Prevent Hacking,  Learn IT Security &  INFOSEC",Nathan House,4.553335,57993,315493,124,12 hours,All Levels,True,2024-03-24,2016-06-13T23:53:59Z,https://img-c.udemycdn.com/course/240x135/614772_233b_9.jpg,cyber-security
1236568,The Absolute Beginners Guide to Cyber Security 2026 - Part 1,https://www.udemy.com/course/the-absolute-beginners-guide-to-information-cyber-security/,"Learn Cyber Security concepts such as hacking, malware, firewalls, worms, phishing, encryption, biometrics, BYOD & more",Alexander Oni,4.6569605,56341,142883,56,5 hours,Beginner,True,2026-01-27,2017-06-27T18:56:26Z,https://img-c.udemycdn.com/course/240x135/1236568_5ada_11.jpg,cyber-security
4328166,Introduction to Cyber Security - 2 Hour Crash Course,https://www.udemy.com/course/cyberintro/,"A quick, engaging intro to Cyber Security. Learn all the basics in only two hours! Concise, clear lectures make it easy!",Rick Crisci,4.5666595,15038,43528,23,3 hours,Beginner,True,2026-02-26,2021-10-08T02:24:16Z,https://img-c.udemycdn.com/course/240x135/4328166_0767_3.jpg,cyber-security
875974,The Complete Cyber Security Course : Network Security!,https://www.udemy.com/course/network-security-course/,"Volume 2 : Network Security, WiFi Security, WiFi Hackers, Firewalls, Wireshark, Secure Networking. + Password Managers",Nathan House,4.5865707,20676,195390,106,12.5 hours,All Levels,True,2024-03-24,2016-07-08T17:16:32Z,https://img-c.udemycdn.com/course/240x135/875974_b66d_3.jpg,cyber-security
6199007,200 Days of GenAI Mastery: Elevate Your Work & Life with AI,https://www.udemy.com/course/30-days-of-genai-mastery-elevate-your-work-life-with-ai/,"ChatGPT, Midjourney, DALL-E, DeepSeek, HeyGen, Suno, Microsoft Copilot, Gemini, Runway and more!",Anton Voroniuk,4.5063615,404,38405,667,55.5 hours,Beginner,True,2026-02-24,2024-10-17T16:10:53Z,https://img-c.udemycdn.com/course/240x135/6199007_1109.jpg,cyber-security
1035000,Docker Mastery: with Kubernetes +Swarm from a Docker Captain,https://www.udemy.com/course/docker-mastery/,"Build, test, deploy containers with the best mega-course on Docker, Kubernetes, Compose, GitHub Actions CI using DevOps",Bret Fisher,4.664478,66546,343146,225,23 hours,All Levels,True,2025-09-28,2017-03-31T00:52:46Z,https://img-c.udemycdn.com/course/240x135/1035000_c1aa_9.jpg,docker
1332278,Docker for the Absolute Beginner - Hands On - DevOps,https://www.udemy.com/course/learn-docker/,Learn Docker with Hands On Coding Exercises. For beginners in DevOps,Mumshad Mannambeth,4.611127,70363,322875,54,4.5 hours,Beginner,True,2024-07-31,2017-09-07T05:52:18Z,https://img-c.udemycdn.com/course/240x135/1332278_4ea6_6.jpg,docker
3490000,Docker & Kubernetes: The Practical Guide,https://www.udemy.com/course/docker-kubernetes-the-practical-guide/,"Learn Docker, Docker Compose, Multi-Container Projects, Deployment and all about Kubernetes from the ground up!",Academind by Maximilian Schwarzmüller,4.727285,36761,244565,264,23.5 hours,All Levels,True,2026-01-16,2020-10-27T18:25:51Z,https://img-c.udemycdn.com/course/240x135/3490000_d298_2.jpg,docker
6641607,The Ultimate Docker Masterclass | Beginner to Advanced,https://www.udemy.com/course/docker-mastery-for-beginners-build-ship-deploy-apps/,"Build, Ship, and Deploy with Docker using 40+ Demos, 2 Capstone Projects, Quizzes & Assignments, and 340 Pages PDF Guide",DolfinED Academy,4.7425165,43,330,116,15.5 hours,All Levels,True,2026-01-01,2025-06-01T01:04:16Z,https://img-c.udemycdn.com/course/240x135/6641607_f891_5.jpg,docker
6422057,Self-Hosting with Docker & Linux: Run Your Own Services,https://www.udemy.com/course/self-hosting-docker-linux/,"Replace SaaS tools, take control of your data, and run your own private infrastructure using open source software.",Jason Cannon,4.606582,188,1382,55,4.5 hours,Beginner,True,2026-03-02,2025-06-15T15:08:09Z,https://img-c.udemycdn.com/course/240x135/6422057_b305.jpg,docker
1793828,Docker and Kubernetes: The Complete Guide,https://www.udemy.com/course/docker-and-kubernetes-the-complete-guide/,"Build, test, and deploy Docker applications with Kubernetes while learning production-style development workflows",Stephen Grider,4.7130227,62096,328636,310,21.5 hours,All Levels,True,2026-02-03,2018-08-21T14:45:26Z,https://img-c.udemycdn.com/course/240x135/1793828_7999_2.jpg,docker
6465853,Docker for Absolute Beginners – Hands-On DevOps,https://www.udemy.com/course/docker-for-absolute-beginners-hands-on-devops/,"Learn Docker step-by-step with real hands-on labs: images, containers, Dockerfile, CI/CD and deployments for Dev & DevOp",Pankaj Gupta,4.782843,114,1195,60,3.5 hours,Beginner,True,2025-11-25,2025-11-26T09:34:44Z,https://img-c.udemycdn.com/course/240x135/6465853_86bb_3.jpg,docker
5884390,"Docker, Kubernetes & AWS: Real-World Deployment in 25 Days",https://www.udemy.com/course/docker-deployment/,"Build and deploy applications from scratch with Docker, Kubernetes & AWS. The step-by-step guide from Beginner to Pro.",Jannis Seemann,4.72057,613,6464,332,32 hours,Beginner,True,2025-02-13,2024-12-12T01:04:09Z,https://img-c.udemycdn.com/course/240x135/5884390_5ed7.jpg,docker
1486960,"Docker - Containers, Images, Compose, Kubernetes, and more!",https://www.udemy.com/course/docker-containers/,"[Docker-Endorsed] Create Docker containers & multi-container apps. Learn Compose, Kubernetes, Nginx, Cloudflare, & more!",David Joseph Katz,4.6894846,6071,26723,161,23.5 hours,All Levels,True,2025-12-13,2018-01-10T19:28:34Z,https://img-c.udemycdn.com/course/240x135/1486960_365e_3.jpg,docker
2045310,Build a Backend REST API with Python & Django - Advanced,https://www.udemy.com/course/django-python-advanced/,"Create an advanced REST API with Python, Django REST Framework and Docker using Test Driven Development (TDD)",Mark Winterbottom,4.503233,9754,55347,156,15 hours,Intermediate,True,2025-04-27,2018-12-17T23:20:44Z,https://img-c.udemycdn.com/course/240x135/2045310_f8a2_7.jpg,docker
6349863,Fast-Track Docker: Full-Stack App Deployment in 2.5 Days,https://www.udemy.com/course/fast-track-docker/,"Deploy real apps in days, not weeks. Fast-track your Docker & Docker Compose skills from beginner to production-ready.",Jannis Seemann,4.695768,164,1375,102,10 hours,Beginner,True,2025-08-18,2025-07-22T15:02:54Z,https://img-c.udemycdn.com/course/240x135/6349863_b83e_2.jpg,docker
2469322,Docker: A Project-Based Approach to Learning,https://www.udemy.com/course/docker-tutorial/,Learn how to manage Docker hosts and Docker containers through project-based training.,Jason Cannon,4.55102,3253,18056,35,4.5 hours,All Levels,True,2026-03-02,2019-10-17T19:50:08Z,https://img-c.udemycdn.com/course/240x135/2469322_66a1_5.jpg,docker
977360,AWS Infrastructure as Code With Terraform [2024 Updates],https://www.udemy.com/course/learn-devops-infrastructure-automation-with-terraform/,"Terraform, a popular infrastructure automation tool for DevOps. Terraform with AWS, Packer, Docker, ECS, EKS, Jenkins",Edward Viaene,4.5212283,16600,103535,116,12.5 hours,Beginner,True,2025-04-25,2016-10-17T17:23:33Z,https://img-c.udemycdn.com/course/240x135/977360_8585_5.jpg,docker
4221858,A deep understanding of deep learning (with Python intro),https://www.udemy.com/course/deeplearning_x/,"Master deep learning in PyTorch using an experimental scientific approach, with lots of examples and practice problems.",Mike X Cohen,4.817451,6194,50240,265,57.5 hours,Beginner,True,2026-02-28,2021-08-09T07:58:21Z,https://img-c.udemycdn.com/course/240x135/4221858_0d53_3.jpg,deep-learning
1151632,"Deep Learning A-Z 2026: Neural Networks, AI & ChatGPT Prize",https://www.udemy.com/course/deeplearning/,"Learn to create Deep Learning models in Python from two Machine Learning, Data Science experts. Code templates included.",Kirill Eremenko,4.5886974,49290,404203,189,22.5 hours,All Levels,True,2026-01-05,2017-03-28T17:17:56Z,https://img-c.udemycdn.com/course/240x135/1151632_de9b.jpg,deep-learning
2430492,[2026] Tensorflow 2: Deep Learning & Artificial Intelligence,https://www.udemy.com/course/deep-learning-tensorflow-2/,"Machine Learning & Neural Networks for Computer Vision, Time Series Analysis, NLP, GANs, Reinforcement Learning, +More!",Lazy Programmer Inc.,4.724368,14139,64901,146,26 hours,All Levels,True,2026-02-01,2019-08-12T21:46:33Z,https://img-c.udemycdn.com/course/240x135/2430492_5cdb_8.jpg,deep-learning
807904,Deep Learning: Convolutional Neural Networks in Python,https://www.udemy.com/course/deep-learning-convolutional-neural-networks-theano-tensorflow/,"Tensorflow 2 CNNs for Computer Vision, Natural Language Processing (NLP) +More! For Data Science & Machine Learning",Lazy Programmer Inc.,4.5535965,6568,48281,79,14 hours,All Levels,True,2026-02-09,2016-04-01T06:24:06Z,https://img-c.udemycdn.com/course/240x135/807904_7108.jpg,deep-learning
1899124,Recommender Systems and Deep Learning in Python,https://www.udemy.com/course/recommender-systems/,"The most in-depth course on recommendation systems with deep learning, machine learning, data science, and AI techniques",Lazy Programmer Inc.,4.654073,6236,35658,94,13 hours,Intermediate,True,2026-02-09,2018-09-13T00:33:02Z,https://img-c.udemycdn.com/course/240x135/1899124_3713.jpg,deep-learning
1795952,"The Complete Neural Networks Bootcamp: Theory, Applications",https://www.udemy.com/course/the-complete-neural-networks-bootcamp-theory-applications/,"Deep Learning and Neural Networks Theory and Applications with PyTorch! Including Transformers, BERT and GPT!",Fawaz Sammani,4.541349,2975,25839,306,44 hours,All Levels,True,2021-11-04,2018-08-11T23:42:44Z,https://img-c.udemycdn.com/course/240x135/1795952_e23e_2.jpg,deep-learning
4735368,Deep Learning Masterclass with TensorFlow 2 Over 20 Projects,https://www.udemy.com/course/deep-learning-masterclass-with-tensorflow-2-over-15-projects/,"Master Deep Learning with TensorFlow 2 with Computer Vision,Natural Language Processing, Sound Recognition & Deployment",Neuralearn Dot AI,4.2736692,504,7267,204,58.5 hours,All Levels,True,2026-02-19,2022-06-17T09:14:44Z,https://img-c.udemycdn.com/course/240x135/4735368_d75d_4.jpg,deep-learning
6148407,Practical Deep Learning: Master PyTorch in 15 Days,https://www.udemy.com/course/deep-learning-practical/,From Zero to your own models: Learn PyTorch with hands-on projects. No previous experience required.,Jannis Seemann,4.7109203,529,4253,137,16.5 hours,Beginner,True,2025-08-02,2025-01-13T03:27:24Z,https://img-c.udemycdn.com/course/240x135/6148407_3ccb_2.jpg,deep-learning
659368,Deep Learning Prerequisites: Logistic Regression in Python,https://www.udemy.com/course/data-science-logistic-regression-in-python/,"Data science, machine learning, and artificial intelligence in Python for students and professionals",Lazy Programmer Inc.,4.6313534,4915,37201,60,7 hours,All Levels,True,2026-02-02,2015-11-10T00:38:31Z,https://img-c.udemycdn.com/course/240x135/659368_e64f.jpg,deep-learning
2373814,PyTorch for Deep Learning with Python Bootcamp,https://www.udemy.com/course/pytorch-for-deep-learning-with-python-bootcamp/,Learn how to create state of the art neural networks for deep learning with Facebook's PyTorch Deep Learning library!,Jose Portilla,4.5431166,5541,37960,97,17 hours,All Levels,True,2023-09-19,2019-07-25T16:50:26Z,https://img-c.udemycdn.com/course/240x135/2373814_6e99_2.jpg,deep-learning
1560148,The Complete Self-Driving Car Course - Applied Deep Learning,https://www.udemy.com/course/applied-deep-learningtm-the-complete-self-driving-car-course/,"Learn to use Deep Learning, Computer Vision and Machine Learning techniques to Build an Autonomous Car with Python",Rayan Slim,4.6057982,4291,26491,169,18 hours,All Levels,True,2026-02-05,2018-08-20T19:41:55Z,https://img-c.udemycdn.com/course/240x135/1560148_6483_4.jpg,deep-learning
4268636,Deep Learning with PyTorch for Medical Image Analysis,https://www.udemy.com/course/deep-learning-with-pytorch-for-medical-image-analysis/,Learn how to use Pytorch-Lightning to solve real world medical imaging tasks!,Jose Portilla,4.6330404,1403,11638,88,12 hours,Expert,True,2021-11-19,2021-10-27T05:10:55Z,https://img-c.udemycdn.com/course/240x135/4268636_5533.jpg,deep-learning
6757979,A deep understanding of AI large language model mechanisms,https://www.udemy.com/course/dullms_x/,Build and train LLM NLP transformers and attention mechanisms (PyTorch). Explore with mechanistic interpretability tools,Mike X Cohen,4.8246255,790,10976,329,91 hours,All Levels,True,2026-02-28,2025-08-12T06:42:15Z,https://img-c.udemycdn.com/course/240x135/6757979_4837_2.jpg,deep-learning
1178124,Complete C# Unity 3D Game Development in Unity 6,https://www.udemy.com/course/unitycourse2/,Build 5 playable 3D games in Unity 6 using C#. Learn real coding skills and master core game dev techniques.,Rick Davidson,4.693416,47987,252222,192,27 hours,All Levels,True,2026-02-19,2017-09-27T16:03:29Z,https://img-c.udemycdn.com/course/240x135/1178124_76bb_13.jpg,unity
258316,Complete C# Unity 2D Game Development (Updated To Unity 6),https://www.udemy.com/course/unitycourse/,Build 4 playable 2D games in Unity 6 using C#. Learn real coding skills and master game dev fundamentals.,GameDev.tv Team,4.7495427,107654,488850,132,17.5 hours,All Levels,True,2026-02-19,2014-09-03T19:30:05Z,https://img-c.udemycdn.com/course/240x135/258316_55e9_13.jpg,unity
5927092,The Complete Guide to Unity 2D : Platformer Development,https://www.udemy.com/course/platformer-alexdev/,Level up your C# and Unity knowledge and create your very own 2D Platformer with local multiplayer.,Unity Alex Dev,4.8907304,488,3137,119,24.5 hours,Beginner,True,2026-01-25,2024-05-29T07:27:01Z,https://img-c.udemycdn.com/course/240x135/5927092_552c.jpg,unity
5059176,The Ultimate Guide to Creating an RPG Game in Unity 6,https://www.udemy.com/course/2d-rpg-alexdev/,Level up your  C# and Unity knowledge and create your very own RPG game.,Unity Alex Dev,4.7749553,3727,23595,203,60.5 hours,All Levels,True,2025-09-05,2023-03-23T05:12:26Z,https://img-c.udemycdn.com/course/240x135/5059176_3a43_2.jpg,unity
5455934,The Complete Guide to Unity 3D : Making a Top Down Shooter,https://www.udemy.com/course/3d-tds-alexdev/,Level up your C# and Unity knowledge and create your very own Action-Shooter.,Unity Alex Dev,4.7084804,738,5997,260,55 hours,All Levels,True,2026-01-15,2024-02-05T15:46:08Z,https://img-c.udemycdn.com/course/240x135/5455934_cb5b_4.jpg,unity
2719674,Learn Unity Shaders from Scratch,https://www.udemy.com/course/learn-unity-shaders-from-scratch/,"A complete guide to Unity ShaderLab, URP Shaders, Shader Graph and the HLSL Shading Language using Unity 6",Nicholas Lever,4.510179,556,13126,70,6 hours,All Levels,True,2025-05-02,2020-05-04T00:49:15Z,https://img-c.udemycdn.com/course/240x135/2719674_f8fc_5.jpg,unity
1318732,Visual Effects for Games in Unity - Beginner To Intermediate,https://www.udemy.com/course/vfx-for-games-in-unity-beginner-to-intermediate/,By the end of this course you will have started your own portfolio as a Triple-A Visual Effects artist for Games.,Gabriel Aguiar,4.4663296,3704,21103,59,6 hours,Beginner,True,2019-12-01,2019-07-25T14:31:13Z,https://img-c.udemycdn.com/course/240x135/1318732_86ee_3.jpg,unity
1349250,The Beginner's Guide to Games AI with Unity 6.2+,https://www.udemy.com/course/artificial-intelligence-in-unity/,A practical guide to programming non-player characters for games in the Unity Game Engine with C#,Penny de Byl,4.533047,2842,45047,183,31 hours,Beginner,True,2026-02-10,2017-10-17T20:45:14Z,https://img-c.udemycdn.com/course/240x135/1349250_c17d_3.jpg,unity
4693434,Your Ultimate Guide to Shader Graph for Beginners,https://www.udemy.com/course/shader-graph/,Learn the ins and outs of the Unity Engine's Visual Shader Programming Tool for Non-Programmers,Penny de Byl,4.66456,648,6431,88,14.5 hours,Beginner,True,2022-11-14,2022-09-16T06:42:16Z,https://img-c.udemycdn.com/course/240x135/4693434_e4b0_4.jpg,unity
1691638,Unity C# Scripting : Complete C# For Unity Game Development,https://www.udemy.com/course/unity-c-sharp-scripting/,"Learn C# Scripting for Unity 6 Game Development from Basics, Create your own 3D & 2D Games With Unity & C# ( Unity 6 )",Raja Biswas,4.4774876,2956,18509,149,31 hours,Beginner,True,2025-11-19,2018-07-06T18:18:55Z,https://img-c.udemycdn.com/course/240x135/1691638_5a91_5.jpg,unity
5283178,Lighting in Unity,https://www.udemy.com/course/lighting-in-unity-l/,"Professional lighting for Built in renderer, URP and HDRP",Pete Jepson,4.52052,509,3267,85,13 hours,Beginner,True,2025-06-24,2023-04-22T03:31:22Z,https://img-c.udemycdn.com/course/240x135/5283178_1310.jpg,unity
6874619,Learn To Create A Store Simulator in Unity 6 & C#,https://www.udemy.com/course/unity-store-sim/,Game development made easy. Learn C# using Unity 6 and create your own Store Management game!,James Doyle,4.6301847,83,1003,84,13 hours,Beginner,True,2025-10-29,2025-10-23T09:11:33Z,https://img-c.udemycdn.com/course/240x135/6874619_c771_2.jpg,unity
793796,Microsoft Excel - Excel from Beginner to Advanced,https://www.udemy.com/course/microsoft-excel-2013-from-beginner-to-advanced-and-beyond/,All-in-One Excel Training: Transform Your Skills with Hands-On Projects and Real-World Applications! - Excel 2007-2025,"Kyle Pew • 2,000,000+ Students",4.6684184,526259,1744445,324,22 hours,All Levels,True,2026-03-05,2016-03-16T21:31:03Z,https://img-c.udemycdn.com/course/240x135/793796_0e89_4.jpg,excel
6955815,MICROSOFT EXCEL: Excel From Basic to Advanced Excel (3 IN 1),https://www.udemy.com/course/microsoft-excel-excel-from-basic-to-advanced-excel/,"Ms Excel 3 in 1: learn basic excel, intermediate, advanced microsoft excel, Excel Vba, Data Analysis Excel.","MICROSOFT EXCEL: Excel From Basic to Advanced Excel (Ms Excel, Advanced Microsoft Excel, Excel Vba, Data Analysis)",4.5914245,54,126,35,3 hours,All Levels,True,2026-01-14,2025-12-08T20:48:23Z,https://img-c.udemycdn.com/course/240x135/6955815_7fa5_3.jpg,excel
6807031,EXCEL: Master Microsoft Excel from Basics to Advanced Excel,https://www.udemy.com/course/excel-master-microsoft-excel-from-basics-to-advanced-excel-h/,Ms Excel Complete 4 in 1: Excel Basics I Intermediate Excel I Advanced Microsoft Excel I Expert Excel I Excel Vba,EXCEL: Microsoft Excel Basic to Advanced Excel (data analytics I financial modeling I ms excel I data analyst),4.342492,180,510,71,13 hours,All Levels,True,2025-11-13,2025-09-08T20:08:04Z,https://img-c.udemycdn.com/course/240x135/6807031_7bbf_3.jpg,excel
2605732,Zero to Hero in Microsoft Excel: Complete Excel with Copilot,https://www.udemy.com/course/excel-quick-start-guide-from-beginner-to-expert/,"A Beginner's Guide to Microsoft Excel - Learn Excel Charts, Formulas, Pivot tables, Power Query, DAX, Macros and Copilot",Start-Tech Academy,4.5748,43900,473135,94,10.5 hours,All Levels,True,2026-02-10,2019-10-14T19:10:16Z,https://img-c.udemycdn.com/course/240x135/2605732_e3d5_3.jpg,excel
49250,Learn Microsoft Excel + AI: Go From Beginner to Expert Fast,https://www.udemy.com/course/thebestexcel/,"Excel Made Easy – Microsoft Certified Educator – Microsoft Office Specialist MOS Expert – Fast, Practical, and Fun",Todd McLeod,4.60818,64434,217986,172,17 hours,All Levels,True,2025-11-21,2013-05-12T17:25:45Z,https://img-c.udemycdn.com/course/240x135/49250_a658_10.jpg,excel
321410,Beginner to Pro in Excel: Financial Modeling and Valuation,https://www.udemy.com/course/beginner-to-pro-in-excel-financial-modeling-and-valuation/,Financial Modeling in Excel that would allow you to walk into a job and be a rockstar from day one!,365 Careers,4.553929,60250,253011,374,20.5 hours,All Levels,True,2026-01-03,2014-11-25T23:00:40Z,https://img-c.udemycdn.com/course/240x135/321410_d9c5_4.jpg,excel
6744547,Microsoft Excel Masterclass : Basic to Advance Training 2026,https://www.udemy.com/course/advance-excel-basic-to-advance-training/,"Master Microsoft Excel Basic to Advanced Automation- Formulas, Functions, Data Cleaning, Power Query, Macros and More",Accountech Traininig & Solutions,4.7429047,120,1685,133,12.5 hours,All Levels,True,2026-01-01,2025-08-09T05:23:54Z,https://img-c.udemycdn.com/course/240x135/6744547_c373.jpg,excel
636822,Microsoft Excel: Data Visualization w/ Excel Charts & Graphs,https://www.udemy.com/course/advanced-excel-charts-graphs/,"Master 20+ Excel charts & graphs, build custom dashboards, and create advanced spreadsheet visuals w/ a top instructor!","Maven Analytics • 1,500,000 Learners",4.6413803,58332,206229,59,4.5 hours,All Levels,True,2025-11-18,2016-07-10T18:12:47Z,https://img-c.udemycdn.com/course/240x135/636822_bb3b_4.jpg,excel
509114,EXCEL at Work - Complete MS Excel Mastery Beginner to Pro,https://www.udemy.com/course/how-to-use-microsoft-excel-beginning-to-advanced-tutorials/,"Boost your Excel skills - Boost your career. Master Microsoft Excel worksheets, functions, & more. Excel 2016-2019 & 365",Steve McDonald,4.586567,13954,80101,67,7 hours,Beginner,True,2021-10-28,2016-01-22T17:15:06Z,https://img-c.udemycdn.com/course/240x135/509114_97f4_7.jpg,excel
1242944,Data Analysis Essentials Using Excel,https://www.udemy.com/course/business-data-analysis-excel/,Learn to apply the important concepts and techniques of data analysis using Excel.,Symon He,4.620535,15318,77591,130,12 hours,Beginner,True,2023-07-29,2017-10-26T17:40:17Z,https://img-c.udemycdn.com/course/240x135/1242944_5bcc_11.jpg,excel
977438,Microsoft Excel: Data Analysis with Excel Pivot Tables,https://www.udemy.com/course/data-analysis-with-excel-pivot-tables/,"Master Excel Pivot Tables for data analysis, EDA & business intelligence. Learn from a top MS Excel instructor!","Maven Analytics • 1,500,000 Learners",4.6760983,76561,284280,90,7 hours,All Levels,True,2025-11-18,2017-01-05T16:30:08Z,https://img-c.udemycdn.com/course/240x135/977438_476d_10.jpg,excel
4194488,Microsoft Excel: Beginner to Advanced in animation 2026 + AI,https://www.udemy.com/course/learn-advanced-excel-in-animation/,"Most updated 2024 with A-Z in Excel to make you advanced excel pro with Pivot Tables, Excel Dashboards, Advanced Excel",Kadhiravan Jayachandiran,4.5292516,9294,54384,229,14.5 hours,All Levels,True,2026-03-04,2021-09-19T07:15:59Z,https://img-c.udemycdn.com/course/240x135/4194488_084b_28.jpg,excel
2243250,Django Masterclass: Build 9 Real World Django Projects,https://www.udemy.com/course/django-course/,"Learn Django 6.0 from scratch, build an E-commerce store, web based PDF generators, APIs using Python & Django",Ashutosh Pawar,4.5987034,3057,19804,384,44 hours,All Levels,True,2026-02-15,2019-10-03T14:20:08Z,https://img-c.udemycdn.com/course/240x135/2243250_f8ef_18.jpg,django
4015616,Python Django - The Practical Guide,https://www.udemy.com/course/python-django-the-practical-guide/,Learn how to build web applications and websites with Python and the Django framework,Academind by Maximilian Schwarzmüller,4.6862326,10288,62537,257,23 hours,Beginner,True,2025-11-13,2021-05-12T15:44:34Z,https://img-c.udemycdn.com/course/240x135/4015616_32a9_2.jpg,django
822444,Python and Django Full Stack Web Developer Bootcamp,https://www.udemy.com/course/python-and-django-full-stack-web-developer-bootcamp/,"Learn to build websites with HTML , CSS , Bootstrap , Javascript , jQuery , Python 3 , and Django!",Jose Portilla,4.463362,52015,221730,198,32 hours,All Levels,True,2019-09-04,2017-02-24T18:40:55Z,https://img-c.udemycdn.com/course/240x135/822444_a6db.jpg,django
6194207,"Full Stack Web Development with Django 5, TailwindCSS, HTMX",https://www.udemy.com/course/full-stack-django/,Build a complete full stack web app | Master Django 5 | Pro styling with TailwindCSS | Docker and Docker Compose,Jose Salvatierra,4.552935,357,2949,243,19 hours,Beginner,True,2025-02-12,2024-10-16T18:06:38Z,https://img-c.udemycdn.com/course/240x135/6194207_3214.jpg,django
6072899,Django - The Complete Course 2026 (Beginner + Advanced + AI),https://www.udemy.com/course/django-complete-course/,"Master Python Django 6.0: Learn Django (Core + Advanced Concepts), Behind-the-Scenes, Projects, Boost Career With AI",Taranjot Singh,4.6970057,355,2587,225,22.5 hours,All Levels,True,2026-02-19,2024-07-16T06:31:38Z,https://img-c.udemycdn.com/course/240x135/6072899_3371_18.jpg,django
5924080,"Full Stack Machine Learning | Django REST Framework, React",https://www.udemy.com/course/full-stack-machine-learning-django-rest-framework-react/,"Learn to Build full-fledged Stock Prediction Portal using Python, Django REST Framework, React.js and Machine Learning",Rathan Kumar,4.7226415,212,1084,187,18.5 hours,All Levels,True,2025-09-02,2025-02-26T09:07:44Z,https://img-c.udemycdn.com/course/240x135/5924080_2151_6.jpg,django
4152006,Django Python: Build a Full Stack Website with Features,https://www.udemy.com/course/python-django-2021-complete-course/,"Master Django: Full Stack Website with Email Functionality, Messaging, Commenting, API Development and More!",Dennis Ivy,4.692475,3274,16580,46,18.5 hours,All Levels,True,2024-12-15,2021-07-01T06:52:17Z,https://img-c.udemycdn.com/course/240x135/4152006_54df_18.jpg,django
4552020,Python Django - Build Complex MultiVendor Ecommerce System,https://www.udemy.com/course/python-django-real-world-project-multi-vendor-restaurant/,"Python Django Multi-Vendor Restaurant Ecommerce with location based search, nearby restaurants. Beginner to Expert",Rathan Kumar,4.697948,871,6507,245,37.5 hours,All Levels,True,2025-09-02,2022-07-23T03:33:23Z,https://img-c.udemycdn.com/course/240x135/4552020_43cc.jpg,django
4898526,Python Django: Build an E-commerce Store - 2026,https://www.udemy.com/course/python-django-build-an-e-commerce-store-2022/,Build an E-commerce Store with Django | Hands-on demonstrations | Deploy a Django Web Application,Arno Pretorius,4.7302256,539,4490,181,19.5 hours,Intermediate,True,2025-12-11,2022-11-02T06:43:44Z,https://img-c.udemycdn.com/course/240x135/4898526_657d_6.jpg,django
1427116,Django for Python Developers,https://www.udemy.com/course/django-for-python-developers/,Master Django and Create Python Web Applications in Simple Steps,Bharath Thippireddy,4.569986,1564,10393,201,10.5 hours,All Levels,True,2026-02-23,2019-07-30T21:49:04Z,https://img-c.udemycdn.com/course/240x135/1427116_531e_4.jpg,django
2378730,Django Rest Framework,https://www.udemy.com/course/djangorestframework/,Create REST APIs using Python and Django in simple steps,Bharath Thippireddy,4.2954297,1133,6940,120,6.5 hours,Beginner,True,2026-02-23,2019-12-05T17:22:23Z,https://img-c.udemycdn.com/course/240x135/2378730_ae79_5.jpg,django
919038,Python Masterclass 2026: Build 24 Real World Python Projects,https://www.udemy.com/course/python-masterclass-course/,"Python course for beginners, Learn Python,Data Analysis, PyQt6, Django, Flask, OpenCV, Python Projects and a lot more.",Ashutosh Pawar,4.553622,8571,36514,776,80.5 hours,All Levels,True,2026-02-14,2016-11-04T18:16:14Z,https://img-c.udemycdn.com/course/240x135/919038_3ae1_17.jpg,django
6836245,Go (Golang) Masterclass: Learn Like a Google Engineer,https://www.udemy.com/course/learn-golang-like-google-engineers-do/,"Learn Go by building what Google engineers build. Master concurrency, microservices, and A.I-ready systems.",Joseph Abah,4.66416,111,2390,272,40 hours,All Levels,True,2026-01-29,2025-12-03T20:15:40Z,https://img-c.udemycdn.com/course/240x135/6836245_f945_9.jpg,go-programming-language
5652172,Go - The Complete Guide,https://www.udemy.com/course/go-the-complete-guide/,"Learn Go (""Golang"") from the ground up & in great depth by building multiple demo projects, incl. a REST API",Maximilian Schwarzmüller,4.6593847,8743,47885,199,15.5 hours,All Levels,True,2025-11-13,2023-12-05T15:41:25Z,https://img-c.udemycdn.com/course/240x135/5652172_fc8b.jpg,go-programming-language
1309202,Go: The Complete Developer's Guide (Golang),https://www.udemy.com/course/go-the-complete-developers-guide/,Master the fundamentals and advanced features of the Go Programming Language (Golang),Stephen Grider,4.5861993,42843,198494,91,9 hours,All Levels,True,2026-02-03,2017-08-22T16:15:58Z,https://img-c.udemycdn.com/course/240x135/1309202_1231_4.jpg,go-programming-language
4528946,Golang for Beginners,https://www.udemy.com/course/golang-for-beginners/,Learn the Go programming language with Hands-On labs,Mumshad Mannambeth,4.4360504,2109,11493,82,4 hours,Beginner,True,2024-03-14,2022-02-10T07:42:55Z,https://img-c.udemycdn.com/course/240x135/4528946_9558_3.jpg,go-programming-language
1002030,Web Development w/ Google’s Go (golang) Programming Language,https://www.udemy.com/course/go-programming-language/,Learn Web Programming from a University Professor in Computer Science with over 20 years of teaching experience.,Todd McLeod,4.654507,7773,60352,173,19 hours,Intermediate,True,2025-03-31,2017-01-17T22:30:33Z,https://img-c.udemycdn.com/course/240x135/1002030_f3e0_5.jpg,go-programming-language
1556312,Go Bootcamp: Master Golang with 1000+ Exercises and Projects,https://www.udemy.com/course/learn-go-the-complete-bootcamp-course-golang/,Master and Deeply Understand Google's Go from Scratch with Illustrated In-Depth Tutorials & 1000+ Hands-On Exercises.,Jose Portilla,4.47362,3973,32245,196,16 hours,All Levels,True,2021-05-11,2018-11-01T17:37:19Z,https://img-c.udemycdn.com/course/240x135/1556312_18c2_8.jpg,go-programming-language
6051781,"Go Bootcamp: With gRPC and Protocol Buffers (HTTP/S, HTTP2)",https://www.udemy.com/course/gobootcampwithgrpcandprotocolbuffers/,2025: Conquer all concepts of Go language: Basics to Advanced with extensive coverage on Protocol Buffers and gRPC.,Ashish Sharma,4.5252995,1264,5900,328,96.5 hours,All Levels,True,2025-11-07,2025-03-11T08:18:14Z,https://img-c.udemycdn.com/course/240x135/6051781_2c29_3.jpg,go-programming-language
642102,Learn How To Code: Google's Go (golang) Programming Language,https://www.udemy.com/course/learn-how-to-code/,The Ultimate Comprehensive Course - Perfect for Both Beginners and Experienced Developers,Todd McLeod,4.4179196,23666,158682,301,29 hours,All Levels,True,2025-03-31,2015-11-19T21:04:33Z,https://img-c.udemycdn.com/course/240x135/642102_4e20_2.jpg,go-programming-language
3413858,Concurrency in Go (Golang),https://www.udemy.com/course/concurrency-in-go-golang/,Learn the Why's and How's of concurrency in Go.,Deepak kumar Gunjetti,4.6119723,1398,15855,77,5 hours,Intermediate,True,2022-05-02,2020-09-11T03:38:46Z,https://img-c.udemycdn.com/course/240x135/3413858_d611_6.jpg,go-programming-language
4001218,Learn Go for Beginners Crash Course (Golang),https://www.udemy.com/course/go-programming-language-crash-course/,Master the Go Programming Language Step by Step - No previous programming experience required.,Tim Buchalka's Learn Programming Academy,4.774927,2713,15417,102,11.5 hours,Beginner,True,2025-04-02,2021-06-14T18:51:27Z,https://img-c.udemycdn.com/course/240x135/4001218_4284_2.jpg,go-programming-language
4689134,Golang For DevOps And Cloud Engineers,https://www.udemy.com/course/golang-for-devops-and-cloud-engineers/,"Learn by example how to use Go (Golang) with REST APIs, Amazon Web Services (AWS), Azure, GitHub, Kubernetes, and more",Edward Viaene,4.39487,550,7952,112,19.5 hours,Intermediate,True,2022-11-20,2022-06-03T21:04:51Z,https://img-c.udemycdn.com/course/240x135/4689134_cb97.jpg,go-programming-language
4665696,Working with Concurrency in Go (Golang),https://www.udemy.com/course/working-with-concurrency-in-go-golang/,Learn the advantages and pitfalls of concurrent programming with the Go programming language,Trevor Sawler,4.3456116,1788,15309,86,9.5 hours,Intermediate,True,2024-06-26,2022-05-26T08:38:25Z,https://img-c.udemycdn.com/course/240x135/4665696_b31d.jpg,go-programming-language
6400299,30 Days of Angular: Build 30 Projects with Angular,https://www.udemy.com/course/30-days-of-angular/,Master Angular by building interactive web applications,Andrew Tyranowski,4.198832,263,27744,226,27.5 hours,All Levels,True,2025-09-03,2025-02-13T02:24:22Z,https://img-c.udemycdn.com/course/240x135/6400299_0620_6.jpg,go-programming-language
2301254,Certified Kubernetes Administrator (CKA) with Practice Tests,https://www.udemy.com/course/certified-kubernetes-administrator-with-practice-tests/,Prepare for the Certified Kubernetes Administrators Certification with live practice tests right in your browser - CKA,Mumshad Mannambeth,4.7219462,89708,418733,323,26 hours,All Levels,True,2026-02-18,2019-04-10T19:24:18Z,https://img-c.udemycdn.com/course/240x135/2301254_26c8_8.jpg,kubernetes
6515151,Docker and Kubernetes for beginners | DevOps journey,https://www.udemy.com/course/docker-and-kubernetes-for-beginners-devops-journey/,"Docker & Kubernetes Masterclass: Build, Deploy, & Scale on AWS, Azure, & GCP.",Hitesh Choudhary,4.6998906,1252,8926,120,19 hours,Beginner,True,2025-07-04,2025-05-21T23:48:49Z,https://img-c.udemycdn.com/course/240x135/6515151_7741.jpg,kubernetes
1602900,Kubernetes for the Absolute Beginners - Hands-on,https://www.udemy.com/course/learn-kubernetes/,"Learn Kubernetes in simple, easy and fun way with hands-on coding exercises. For beginners in DevOps.",Mumshad Mannambeth,4.6452117,110518,467207,64,6.5 hours,Beginner,True,2025-12-01,2018-03-23T17:07:24Z,https://img-c.udemycdn.com/course/240x135/1602900_f550_14.jpg,kubernetes
5926128,Tekton - The quick start,https://www.udemy.com/course/tekton-the-quick-start/,This course promises an introduction with practical exercises to learn Tekton CI/CD Pipelines at an expert level.,Christoph Linse,4.45136,228,1503,39,2 hours,Beginner,True,2024-04-23,2024-04-29T01:41:23Z,https://img-c.udemycdn.com/course/240x135/5926128_fdeb_3.jpg,kubernetes
3028312,"AWS EKS Kubernetes-Masterclass | DevOps, Microservices",https://www.udemy.com/course/aws-eks-kubernetes-masterclass-devops-microservices/,"Docker, EBS, RDS, CLB, NLB, ALB, Fargate, ECR, CloudWatch, Route53, Certificate Manager, X-Ray, Ingress, Autoscaling,SNS","Kalyan Reddy Daida | DevOps & SRE Architect on AWS, Azure & Google Cloud Platforms",4.535842,5505,70156,203,24.5 hours,All Levels,True,2025-08-29,2020-07-24T17:54:17Z,https://img-c.udemycdn.com/course/240x135/3028312_0c5c_3.jpg,kubernetes
1007250,Learn DevOps: The Complete Kubernetes Course,https://www.udemy.com/course/learn-devops-the-complete-kubernetes-course/,"Kubernetes will run and manage your containerized applications. Learn how to build, deploy, use, and maintain Kubernetes",Edward Viaene,4.395732,16417,110578,147,15 hours,All Levels,True,2025-07-02,2016-11-30T17:08:45Z,https://img-c.udemycdn.com/course/240x135/1007250_9e3c_5.jpg,kubernetes
5981620,Kubernetes Masterclass for Beginners,https://www.udemy.com/course/kubernetes-masterclass-for-beginners/,From zero to a full Kubernetes environment including apps and monitoring,Mischa van den Burg,4.6341,1204,7647,24,9 hours,Beginner,True,2025-10-06,2024-05-30T00:06:49Z,https://img-c.udemycdn.com/course/240x135/5981620_2576_5.jpg,kubernetes
2394022,Certified Kubernetes Administrator 2026,https://www.udemy.com/course/certified-kubernetes-administrator/,Master Course to prepare for Certified Kubernetes Administrator certification.,Zeal Vora,4.677435,3322,28408,172,25.5 hours,Intermediate,True,2026-01-20,2019-09-19T21:54:05Z,https://img-c.udemycdn.com/course/240x135/2394022_1773.jpg,kubernetes
5967966,Docker and Kubernetes: The Complete Course from Zero to Hero,https://www.udemy.com/course/complete-docker-kubernetes/,"30+ hours of content and 130+ hands-on labs for you to master working with Docker, Kubernetes, and Kustomize!",Lauro Fialho Müller,4.710378,1554,12275,301,33 hours,Beginner,True,2025-12-06,2024-10-21T20:13:40Z,https://img-c.udemycdn.com/course/240x135/5967966_849d.jpg,kubernetes
4390458,Terraform on AWS EKS Kubernetes IaC SRE- 50 Real-World Demos,https://www.udemy.com/course/terraform-on-aws-eks-kubernetes-iac-sre-50-real-world-demos/,"AWS EKS IAM, Ingress, EBS CSI, EFS CSI, VPC, Fargate, Application & Network Load Balancer, Autoscaling (CA, HPA, VPA)","Kalyan Reddy Daida | DevOps & SRE Architect on AWS, Azure & Google Cloud Platforms",4.612256,2242,26984,310,45.5 hours,All Levels,True,2025-05-17,2022-05-26T19:32:25Z,https://img-c.udemycdn.com/course/240x135/4390458_79f3_2.jpg,kubernetes
5948980,Kubernetes Training: Learn K8s from Zero to Cloud,https://www.udemy.com/course/kubernetes-training-learn-kubernetes-from-zero-to-cloud/,Develop and Deploy Cloud Native Applications at Scale with Kubernetes,Jose Portilla,4.668493,604,5467,59,7 hours,All Levels,True,2025-12-25,2024-08-05T23:00:16Z,https://img-c.udemycdn.com/course/240x135/5948980_4e16_11.jpg,kubernetes
1988542,Kubernetes Certified Application Developer (CKAD) with Tests,https://www.udemy.com/course/certified-kubernetes-application-developer/,Learn concepts and practice for the Kubernetes Certification with hands-on labs right in your browser - DevOps - CKAD,Mumshad Mannambeth,4.7094593,39863,255640,214,16.5 hours,All Levels,True,2025-12-01,2018-10-27T00:58:50Z,https://img-c.udemycdn.com/course/240x135/1988542_3bcb_15.jpg,kubernetes
1581488,Complete C# Masterclass,https://www.udemy.com/course/complete-csharp-masterclass/,"Master C# Programming from A to Z. Dive deep into .NET, OOP, Clean Code, LINQ, WPF, Generics, Unit Testing, and more.",Denis Panjuta,4.5776486,36830,173118,484,46 hours,All Levels,True,2025-10-06,2018-04-25T18:03:03Z,https://img-c.udemycdn.com/course/240x135/1581488_e3e1_4.jpg,c-sharp
1148688,Design Patterns in C# and .NET,https://www.udemy.com/course/design-patterns-csharp-dotnet/,Discover the modern implementation of design patterns with C# and .NET,Dmitri Nesteruk,4.3590717,13797,97276,174,20.5 hours,Intermediate,True,2025-08-12,2017-04-20T19:48:20Z,https://img-c.udemycdn.com/course/240x135/1148688_4313_5.jpg,c-sharp
4682614,Ultimate C# Masterclass for 2026,https://www.udemy.com/course/ultimate-csharp-masterclass/,"In-depth .NET programming course from basics to advanced with OOP & LINQ. Focus on clean code, performance and practice.",Krystyna Ślusarczyk,4.734079,7354,40959,563,48 hours,All Levels,True,2026-03-01,2023-04-01T16:41:51Z,https://img-c.udemycdn.com/course/240x135/4682614_1ff0_2.jpg,c-sharp
1466764,Learn Game Development with C# Programming and MonoGame!,https://www.udemy.com/course/monogame/,Learn game development with C# by utilizing the popular MonoGame framework!,Kyle Schaub,4.7076426,1064,3931,60,6.5 hours,All Levels,True,2025-10-23,2017-12-22T08:40:55Z,https://img-c.udemycdn.com/course/240x135/1466764_5783_5.jpg,c-sharp
3237889,C# 13 - Ultimate Guide - Beginner to Advanced | Master class,https://www.udemy.com/course/c-sharp-oop-ultimate-guide-project-master-class/,Learn C# by doing | C# projects | Bootcamp for C# Interview | Advanced C# | .NET 9 | LINQ | Interview Questions,Web Academy by Harsha Vardhan,4.567006,5630,33705,479,86 hours,All Levels,True,2026-02-08,2020-07-07T22:24:59Z,https://img-c.udemycdn.com/course/240x135/3237889_1bcc_2.jpg,c-sharp
382002,C# Basics for Beginners: Learn C# Fundamentals by Coding,https://www.udemy.com/course/csharp-tutorial-for-beginners/,"Master C# fundamentals in 6 hours - The most popular course with 50,000+ students, packed with tips and exercises!",Mosh Hamedani,4.575231,78694,274145,87,5.5 hours,Beginner,True,2020-12-10,2015-09-28T18:03:00Z,https://img-c.udemycdn.com/course/240x135/382002_5d4a_3.jpg,c-sharp
676554,Mastering WCF 4.0 From Scratch Using C#,https://www.udemy.com/course/masterwcf/,Learn How to build WCF Services using C# Step By Step,Kameswara Sarma Uppuluri | 25+ Years Of Experienced Corporate Trainer,4.631235,608,3058,53,7 hours,All Levels,True,2020-07-24,2015-11-23T21:05:09Z,https://img-c.udemycdn.com/course/240x135/676554_d431_3.jpg,c-sharp
6545193,C# — 100 Coding Exercises,https://www.udemy.com/course/c-sharp-100-coding-exercises/,"Level up your C# skills with 100 bite-sized, in-browser coding problems. Learn by doing—no setup needed.",Krystyna Ślusarczyk,4.7907,94,1585,105,5 hours,All Levels,True,2026-03-01,2025-09-15T15:40:41Z,https://img-c.udemycdn.com/course/240x135/6545193_b641_2.jpg,c-sharp
1087854,Advanced Topics in C#,https://www.udemy.com/course/advanced-topics-csharp/,A discussion of the more complicated aspects of the C# language,Dmitri Nesteruk,4.2561154,1080,7834,46,5.5 hours,Expert,True,2025-11-24,2020-09-03T09:16:19Z,https://img-c.udemycdn.com/course/240x135/1087854_935e_2.jpg,c-sharp
4039556,Decoding DevOps – From Basics to Advanced Projects with AI,https://www.udemy.com/course/decodingdevops/,"Master DevOps with AI, AWS, GCP, Linux, Jenkins, Gitlab, GithubActions, Docker, Kubernetes, Terraform, Ansible & GitOps",Imran Teli,4.582413,45646,263495,373,64 hours,All Levels,True,2026-02-26,2021-07-09T19:15:39Z,https://img-c.udemycdn.com/course/240x135/4039556_ebb3_9.jpg,devops
7008013,"Full Stack AI DevOps + Real Projects | AWS, Azure, GCP, K8S",https://www.udemy.com/course/full-stack-devops-for-software-developers-aws-azure-gcp/,"Master CI/CD, Docker, Kubernetes, Cloud DevOps, AWS, Azure DevOps, Google GCP with Real projects -SpringBoot Node Python",Faisal Memon (EmbarkX),4.6548376,40,581,229,40 hours,All Levels,True,2026-03-05,2026-01-11T19:36:27Z,https://img-c.udemycdn.com/course/240x135/7008013_47bf.jpg,devops
6453343,Ultimate DevOps Real-World  Project Implementation AWS Cloud,https://www.udemy.com/course/aws-eks-kubernetes-karpenter-devops-production/,"ALL-IN-ONE: DevOps Implementation - Docker, Kubernetes (AWS EKS), Terraform, CICD (GitHub Actions, ArgoCD), Helm, OTEL","Kalyan Reddy Daida | DevOps & SRE Architect on AWS, Azure & Google Cloud Platforms",4.731734,244,3634,235,38.5 hours,All Levels,True,2026-01-04,2026-01-03T20:14:44Z,https://img-c.udemycdn.com/course/240x135/6453343_83cf_2.jpg,devops
4347106,The Ultimate DevOps Bootcamp,https://www.udemy.com/course/the-complete-devops-bootcamp/,The ultimate DevOps Bootcamp course for all your DevOps learning,Mumshad Mannambeth,4.6082253,8848,67599,281,17.5 hours,Beginner,True,2026-02-17,2023-01-24T03:42:53Z,https://img-c.udemycdn.com/course/240x135/4347106_9cfa.jpg,devops
2813427,"Learn DevOps: Docker, Kubernetes, Terraform and Azure DevOps",https://www.udemy.com/course/devops-with-docker-kubernetes-and-azure-devops/,"DevOps for Absolute Beginners: Azure DevOps, Docker, Kubernetes, Jenkins, Terraform, Ansible - AWS, Azure & Google Cloud",in28Minutes Official,4.471923,17438,162129,236,21.5 hours,All Levels,True,2025-04-10,2020-02-18T20:16:33Z,https://img-c.udemycdn.com/course/240x135/2813427_cc60_2.jpg,devops
6302027,Master the Art of Managing Projects with Azure DevOps,https://www.udemy.com/course/masterazuredevops/,"Azure DevOps Mastery for Beginners 2026 - Azure Boards, CI/CD Workflows, Azure Test Plans and AI",Mark Lee,4.5848846,207,1056,122,11 hours,All Levels,True,2025-11-09,2024-12-20T07:24:47Z,https://img-c.udemycdn.com/course/240x135/6302027_0257_12.jpg,devops
3710504,DevOps Projects | Real Time DevOps & GitOps Projects,https://www.udemy.com/course/devopsprojects/,Master Your DevOps Skills with Real challenge,Imran Teli,4.546088,3925,50429,238,37.5 hours,Intermediate,True,2025-12-02,2020-12-31T21:43:40Z,https://img-c.udemycdn.com/course/240x135/3710504_9b6d_9.jpg,devops
6416543,Ultimate DevOps Project Implementation,https://www.udemy.com/course/ultimate-devops-project-with-resume-preparation/,End to End DevOps Implementation on an E-Commerce project with Resume preparation and Interview Q&A,Abhishek Veeramalla,4.696073,5485,33823,76,12 hours,Beginner,True,2025-03-17,2025-02-05T20:08:26Z,https://img-c.udemycdn.com/course/240x135/6416543_f441_4.jpg,devops
6645733,Ultimate DevOps and Cloud Interview Guide,https://www.udemy.com/course/ultimate-devops-and-cloud-interview-guide/,Ultimate DevOps and Cloud Interview Guide that covers topic by topic scenario based Interview questions with notes.,Abhishek Veeramalla,4.7239404,2540,19652,182,15.5 hours,Beginner,True,2025-10-01,2025-06-20T01:45:57Z,https://img-c.udemycdn.com/course/240x135/6645733_f8f7.jpg,devops
6704661,The Ultimate Cloud and DevOps Interview Guide,https://www.udemy.com/course/aws-azure-google-cloud-devops-interview/,"Everything You Need to Crack Cloud and DevOps Roles - AWS, Azure, Google Cloud, DevOps, Docker, Kubernetes and Terraform",in28Minutes Official,4.763122,253,3015,320,24.5 hours,All Levels,True,2026-02-13,2025-07-28T19:22:13Z,https://img-c.udemycdn.com/course/240x135/6704661_6d21_2.jpg,devops
2295003,Devops Tools and AWS for Java Microservice Developers,https://www.udemy.com/course/devops-tools-and-aws-for-java-microservice-developers/,"Master Docker , Kubernetes, Maven, Jenkins ,GIT , AWS EC2 ,Elastic Beanstalk,ELB,Auto Scaling and more in easy steps",Bharath Thippireddy,4.750612,1946,17767,290,20.5 hours,All Levels,True,2026-02-23,2020-05-20T01:54:31Z,https://img-c.udemycdn.com/course/240x135/2295003_9b45_5.jpg,devops
3897944,Juniper JNCIA-DevOps - JN0-223 Automation Complete Course,https://www.udemy.com/course/jncia-devops/,A complete course that will get you ready to pass the JNCIA-DevOps exam and learn to automate Junos network devices!,Ben Jacobson,4.5882792,245,1389,26,8.5 hours,Beginner,True,2024-10-08,2021-07-05T15:35:32Z,https://img-c.udemycdn.com/course/240x135/3897944_6de6_2.jpg,devops
1523066,Complete Linux Training Course to Get Your Dream IT Job 2026,https://www.udemy.com/course/complete-linux-training-course-to-get-your-dream-it-job/,"The BEST Linux Administration course for corporate jobs and RHCSA, RHCE, LFCS, LPIC and CompTIA Linux+ certifications",Imran Afzal,4.666046,45299,265905,299,42 hours,All Levels,True,2026-01-26,2018-04-05T18:23:59Z,https://img-c.udemycdn.com/course/240x135/1523066_334c_16.jpg,linux
256758,Learn Linux in 5 Days and Level Up Your Career,https://www.udemy.com/course/learn-linux-in-5-days/,Use the in-demand Linux skills you learn in this course to get promoted or start a new career as a Linux professional.,Jason Cannon,4.5876675,48425,204921,85,13.5 hours,All Levels,True,2026-03-02,2014-07-10T02:42:32Z,https://img-c.udemycdn.com/course/240x135/256758_e35d_5.jpg,linux
149910,Linux for Beginners,https://www.udemy.com/course/linuxforbeginners/,An Introduction to the Linux Operating System and Command Line,Jason Cannon,4.596118,20715,84292,76,8 hours,All Levels,True,2026-03-02,2014-02-25T21:35:36Z,https://img-c.udemycdn.com/course/240x135/149910_25f7_7.jpg,linux
137194,The Complete Linux Guide - From Beginner to Advanced (2026),https://www.udemy.com/course/linux-crash-course/,"A Complete Linux Course for Everyone! Master Linux with hands-on projects, challenges, and kickstart your Tech Career",Mo Khalil,4.435341,3510,39115,174,21.5 hours,All Levels,True,2026-01-21,2014-01-04T04:36:11Z,https://img-c.udemycdn.com/course/240x135/137194_ece8_25.jpg,linux
6607831,Linux on Windows (WSL2),https://www.udemy.com/course/linux-on-windows-wsl2/,"Leverage the power of the Windows Subsystem for Linux (WSL 2), Docker, Kali Linux, GPUs and more on Windows 11",David Bombal,4.573035,194,2684,20,1.5 hours,Beginner,True,2025-05-28,2025-07-09T15:00:10Z,https://img-c.udemycdn.com/course/240x135/6607831_8bb0.jpg,linux
3998050,The Linux Command Line Bootcamp: Beginner To Power User,https://www.udemy.com/course/the-linux-command-line-bootcamp/,"Level Up Your Skills And Take Control Of Your Machine, w/ Dozens of Commands, Projects, and Challenges!",Colt Steele,4.676225,9922,54895,167,16 hours,All Levels,True,2026-01-01,2021-05-10T19:36:51Z,https://img-c.udemycdn.com/course/240x135/3998050_2ed8.jpg,linux
419458,Ubuntu Linux Server Basics,https://www.udemy.com/course/become-an-ubuntu-server-pro-in-just-3-days/,Learn Ubuntu Server administration in 3 days with this step-by-step course for beginners.,Cody Ray Miller,4.5761137,3610,19292,47,6.5 hours,Beginner,True,2020-09-28,2015-04-01T23:42:23Z,https://img-c.udemycdn.com/course/240x135/419458_f96e_9.jpg,linux
5181942,Mastering Linux: The Comprehensive Guide,https://www.udemy.com/course/mastering-linux/,Gain an almost unfair advantage by unlocking the Power of Linux: 70 hours of hands-on training. The ONLY course you need,Jannis Seemann,4.732504,3608,27968,615,71.5 hours,Beginner,True,2026-02-05,2023-09-05T05:42:28Z,https://img-c.udemycdn.com/course/240x135/5181942_dc28_14.jpg,linux
1349660,Linux Shell Scripting: A Project-Based Approach to Learning,https://www.udemy.com/course/linux-shell-scripting-projects/,"Learn how to shell script through project-based training (Bash Scripting, Bash Programming, Sed, Grep, Awk, and More)",Jason Cannon,4.595575,16445,120528,49,12.5 hours,All Levels,True,2026-03-02,2017-09-28T22:46:06Z,https://img-c.udemycdn.com/course/240x135/1349660_ecfb_4.jpg,linux
1363378,Linux for Network Engineers: Practical Linux with GNS3,https://www.udemy.com/course/linux-for-network-engineers-practical-linux-with-gns3/,"Linux for Networking Engineers (CCNA, CCNP, CCIE etc). Practical Linux with GNS3 = network programmability & automation",David Bombal,4.5363073,4864,192935,125,13 hours,Beginner,True,2023-01-03,2017-10-09T17:09:07Z,https://img-c.udemycdn.com/course/240x135/1363378_69f7_3.jpg,linux
1801904,Complete Linux Troubleshooting Course (Practical Examples),https://www.udemy.com/course/linux-troubleshooting-course/,The Best Linux Troubleshooting and Administration Course that prepare you to diagnose and resolve Systems issues,Imran Afzal,4.5470047,2136,18520,111,17 hours,All Levels,True,2026-02-15,2019-03-12T12:59:39Z,https://img-c.udemycdn.com/course/240x135/1801904_16d6_11.jpg,linux
1584174,Linux Crash Course for Beginners - 2026,https://www.udemy.com/course/learn-linux-on-a-weekend/,Core Linux System Administration and Command Line Skills for Beginners: Learn Linux Fundamentals and Key Commands,Imran Afzal,4.513155,2367,28669,52,6 hours,All Levels,True,2025-12-16,2018-06-30T20:48:56Z,https://img-c.udemycdn.com/course/240x135/1584174_416d_14.jpg,linux
1680944,Complete Windows Server Administration Course,https://www.udemy.com/course/complete-windows-server-2016-administration-course/,"Installation and configuration of Domain Controller, Active Directory, DNS, WebServer (IIS), Group Policy, WSUS and more",Imran Afzal,4.628616,6129,30900,135,14.5 hours,All Levels,True,2026-02-12,2018-10-18T20:31:26Z,https://img-c.udemycdn.com/course/240x135/1680944_c58b_11.jpg,linux
